"cma_name","cma","ct","ct_pct"
"St. John's",001,000000,0000
"St. John's",001,001.00,2449
"St. John's",001,002.00,0002
"St. John's",001,003.00,2450
"St. John's",001,004.00,2451
"St. John's",001,005.01,2452
"St. John's",001,005.02,2453
"St. John's",001,006.00,0006
"St. John's",001,007.00,0007
"St. John's",001,008.00,0008
"St. John's",001,009.00,0009
"St. John's",001,010.00,0010
"St. John's",001,011.00,0011
"St. John's",001,012.00,0012
"St. John's",001,013.00,0013
"St. John's",001,014.00,0014
"St. John's",001,015.01,2454
"St. John's",001,015.02,2455
"St. John's",001,015.03,3047
"St. John's",001,016.00,2456
"St. John's",001,100.01,3048
"St. John's",001,100.02,3049
"St. John's",001,170.00,2458
"St. John's",001,171.00,2459
"St. John's",001,172.00,2460
"St. John's",001,200.01,3050
"St. John's",001,200.02,3051
"St. John's",001,201.00,2462
"St. John's",001,202.00,2463
"St. John's",001,300.00,2464
"St. John's",001,301.01,3052
"St. John's",001,301.02,3053
"St. John's",001,302.00,2466
"St. John's",001,303.00,3984
"Halifax",205,000000,0000
"Halifax",205,001.00,0030
"Halifax",205,002.00,0031
"Halifax",205,003.00,0032
"Halifax",205,004.00,0033
"Halifax",205,005.00,0034
"Halifax",205,006.00,0035
"Halifax",205,007.00,0036
"Halifax",205,008.00,0037
"Halifax",205,009.00,0038
"Halifax",205,010.00,0039
"Halifax",205,011.00,0040
"Halifax",205,012.00,0041
"Halifax",205,013.00,0042
"Halifax",205,014.00,0043
"Halifax",205,015.00,0044
"Halifax",205,016.00,0045
"Halifax",205,017.00,0046
"Halifax",205,018.00,0047
"Halifax",205,019.00,0048
"Halifax",205,020.00,0049
"Halifax",205,021.00,0050
"Halifax",205,022.00,0051
"Halifax",205,023.00,0052
"Halifax",205,024.00,0053
"Halifax",205,025.01,3054
"Halifax",205,025.02,3055
"Halifax",205,026.00,0055
"Halifax",205,027.00,0056
"Halifax",205,100.00,0057
"Halifax",205,101.00,0058
"Halifax",205,102.00,0059
"Halifax",205,103.00,0060
"Halifax",205,104.01,3056
"Halifax",205,104.02,3057
"Halifax",205,105.01,3058
"Halifax",205,105.02,3059
"Halifax",205,106.00,0063
"Halifax",205,107.00,0064
"Halifax",205,108.00,0065
"Halifax",205,109.00,0066
"Halifax",205,110.00,0067
"Halifax",205,111.00,0068
"Halifax",205,112.00,0069
"Halifax",205,113.00,0070
"Halifax",205,114.00,0071
"Halifax",205,120.00,2467
"Halifax",205,121.01,3060
"Halifax",205,121.02,3061
"Halifax",205,122.00,2469
"Halifax",205,123.00,2470
"Halifax",205,130.00,2471
"Halifax",205,131.01,3062
"Halifax",205,131.02,3063
"Halifax",205,131.03,3064
"Halifax",205,132.00,2473
"Halifax",205,140.00,2833
"Halifax",205,141.00,2834
"Halifax",205,142.00,2685
"Halifax",205,143.00,2691
"Halifax",205,150.00,3012
"Halifax",205,151.00,3013
"Halifax",205,152.00,3014
"Moncton",305,000000,0000
"Moncton",305,001.00,2835
"Moncton",305,002.00,2836
"Moncton",305,003.00,2837
"Moncton",305,004.00,2838
"Moncton",305,005.00,2839
"Moncton",305,006.00,2840
"Moncton",305,007.00,2841
"Moncton",305,008.00,2842
"Moncton",305,009.00,2843
"Moncton",305,010.00,2844
"Moncton",305,011.00,2845
"Moncton",305,012.00,2846
"Moncton",305,013.00,2847
"Moncton",305,014.00,2849
"Moncton",305,015.00,3065
"Moncton",305,016.00,3066
"Moncton",305,100.00,3067
"Moncton",305,101.00,2850
"Moncton",305,102.00,2851
"Saint John",310,000000,0000
"Saint John",310,001.01,3068
"Saint John",310,001.02,3069
"Saint John",310,002.01,3070
"Saint John",310,002.02,3071
"Saint John",310,003.00,0077
"Saint John",310,004.00,0078
"Saint John",310,005.00,0079
"Saint John",310,006.00,0080
"Saint John",310,007.00,0081
"Saint John",310,008.00,0082
"Saint John",310,009.00,0083
"Saint John",310,010.00,0084
"Saint John",310,011.00,0085
"Saint John",310,012.00,0086
"Saint John",310,013.00,0087
"Saint John",310,014.00,0088
"Saint John",310,015.00,0089
"Saint John",310,016.00,0090
"Saint John",310,017.00,0091
"Saint John",310,018.00,0092
"Saint John",310,019.00,0093
"Saint John",310,020.00,0094
"Saint John",310,021.00,0095
"Saint John",310,022.00,0096
"Saint John",310,023.00,0097
"Saint John",310,024.00,0098
"Saint John",310,025.01,3072
"Saint John",310,025.02,3073
"Saint John",310,026.00,0100
"Saint John",310,027.01,3074
"Saint John",310,027.02,3075
"Saint John",310,028.00,0102
"Saint John",310,029.00,0103
"Saint John",310,100.00,2474
"Saint John",310,110.00,2476
"Saint John",310,120.00,2477
"Saint John",310,130.00,2475
"Chicoutimi - Jonquiere",408,000000,0000
"Chicoutimi - Jonquiere",408,001.00,2805
"Chicoutimi - Jonquiere",408,002.00,2806
"Chicoutimi - Jonquiere",408,003.00,2807
"Chicoutimi - Jonquiere",408,004.00,2808
"Chicoutimi - Jonquiere",408,005.00,2809
"Chicoutimi - Jonquiere",408,006.00,2810
"Chicoutimi - Jonquiere",408,007.00,2811
"Chicoutimi - Jonquiere",408,008.00,2812
"Chicoutimi - Jonquiere",408,100.00,2813
"Chicoutimi - Jonquiere",408,101.00,2814
"Chicoutimi - Jonquiere",408,102.00,2815
"Chicoutimi - Jonquiere",408,103.00,2816
"Chicoutimi - Jonquiere",408,104.00,2817
"Chicoutimi - Jonquiere",408,105.00,2818
"Chicoutimi - Jonquiere",408,106.00,2819
"Chicoutimi - Jonquiere",408,107.00,2820
"Chicoutimi - Jonquiere",408,108.00,2821
"Chicoutimi - Jonquiere",408,109.00,2822
"Chicoutimi - Jonquiere",408,110.00,2823
"Chicoutimi - Jonquiere",408,111.00,2824
"Chicoutimi - Jonquiere",408,120.00,2825
"Chicoutimi - Jonquiere",408,130.00,2826
"Chicoutimi - Jonquiere",408,131.00,2827
"Chicoutimi - Jonquiere",408,132.00,2828
"Chicoutimi - Jonquiere",408,133.00,2829
"Chicoutimi - Jonquiere",408,140.00,2830
"Chicoutimi - Jonquiere",408,150.00,2831
"Quebec",421,000000,0000
"Quebec",421,001.00,0118
"Quebec",421,002.00,0119
"Quebec",421,003.00,0120
"Quebec",421,004.00,0121
"Quebec",421,005.00,0122
"Quebec",421,006.00,0123
"Quebec",421,007.00,0124
"Quebec",421,008.00,0125
"Quebec",421,009.00,0126
"Quebec",421,010.00,0127
"Quebec",421,011.00,0128
"Quebec",421,012.00,0129
"Quebec",421,013.00,0130
"Quebec",421,014.00,0131
"Quebec",421,015.00,0132
"Quebec",421,016.00,0133
"Quebec",421,017.00,0134
"Quebec",421,018.00,0135
"Quebec",421,019.00,0136
"Quebec",421,020.00,0137
"Quebec",421,021.00,0138
"Quebec",421,022.00,0139
"Quebec",421,023.00,0140
"Quebec",421,024.00,0141
"Quebec",421,025.00,0142
"Quebec",421,026.00,0143
"Quebec",421,027.00,0144
"Quebec",421,028.00,0145
"Quebec",421,029.00,0146
"Quebec",421,030.00,0147
"Quebec",421,031.00,0148
"Quebec",421,032.00,0149
"Quebec",421,033.01,3076
"Quebec",421,033.02,3077
"Quebec",421,034.00,0151
"Quebec",421,035.00,0152
"Quebec",421,036.00,0153
"Quebec",421,037.00,0154
"Quebec",421,038.01,3078
"Quebec",421,038.02,3079
"Quebec",421,039.01,2655
"Quebec",421,039.02,2760
"Quebec",421,040.01,2478
"Quebec",421,040.02,2479
"Quebec",421,041.01,2480
"Quebec",421,041.02,2481
"Quebec",421,041.03,2482
"Quebec",421,100.00,0159
"Quebec",421,101.00,0160
"Quebec",421,102.00,0161
"Quebec",421,103.00,0162
"Quebec",421,110.00,0163
"Quebec",421,111.00,0164
"Quebec",421,112.01,3080
"Quebec",421,112.02,3081
"Quebec",421,113.01,3082
"Quebec",421,113.02,3083
"Quebec",421,114.00,0167
"Quebec",421,115.00,0168
"Quebec",421,116.00,0169
"Quebec",421,117.00,0170
"Quebec",421,118.00,0171
"Quebec",421,119.00,0172
"Quebec",421,120.00,0173
"Quebec",421,140.01,3084
"Quebec",421,140.02,3085
"Quebec",421,140.03,3086
"Quebec",421,160.01,2483
"Quebec",421,160.02,2484
"Quebec",421,160.03,3087
"Quebec",421,170.00,2485
"Quebec",421,190.00,0179
"Quebec",421,200.00,2698
"Quebec",421,210.00,2486
"Quebec",421,220.00,0182
"Quebec",421,230.00,0183
"Quebec",421,240.00,0184
"Quebec",421,260.01,2487
"Quebec",421,260.02,2488
"Quebec",421,260.03,2489
"Quebec",421,270.01,2490
"Quebec",421,270.02,2491
"Quebec",421,271.01,2492
"Quebec",421,271.02,2493
"Quebec",421,272.00,0188
"Quebec",421,273.01,2494
"Quebec",421,273.02,2495
"Quebec",421,280.01,2496
"Quebec",421,280.02,2497
"Quebec",421,280.03,2498
"Quebec",421,290.00,0191
"Quebec",421,300.00,0192
"Quebec",421,310.00,0193
"Quebec",421,311.01,2499
"Quebec",421,311.02,2500
"Quebec",421,320.01,2501
"Quebec",421,320.02,2502
"Quebec",421,320.03,2503
"Quebec",421,320.04,3088
"Quebec",421,330.00,0196
"Quebec",421,340.00,0197
"Quebec",421,350.00,0198
"Quebec",421,360.00,0199
"Quebec",421,370.00,0200
"Quebec",421,500.00,0202
"Quebec",421,510.00,0203
"Quebec",421,520.00,2699
"Quebec",421,530.00,2789
"Quebec",421,540.00,2790
"Quebec",421,600.00,0204
"Quebec",421,610.00,0205
"Quebec",421,700.00,2906
"Quebec",421,800.00,0206
"Quebec",421,801.00,0207
"Quebec",421,802.00,0208
"Quebec",421,810.00,0209
"Quebec",421,811.00,0210
"Quebec",421,812.00,0211
"Quebec",421,820.00,2505
"Quebec",421,825.00,2907
"Quebec",421,830.00,2506
"Quebec",421,835.00,2926
"Quebec",421,840.00,0214
"Quebec",421,845.00,2948
"Quebec",421,846.00,2512
"Quebec",421,850.00,0215
"Sherbrooke",433,000000,0000
"Sherbrooke",433,001.00,0216
"Sherbrooke",433,002.00,0217
"Sherbrooke",433,003.00,0218
"Sherbrooke",433,004.00,0219
"Sherbrooke",433,005.00,0220
"Sherbrooke",433,006.00,2507
"Sherbrooke",433,007.00,0222
"Sherbrooke",433,008.00,2508
"Sherbrooke",433,009.00,0224
"Sherbrooke",433,010.00,0225
"Sherbrooke",433,011.00,0226
"Sherbrooke",433,012.00,0227
"Sherbrooke",433,013.00,0228
"Sherbrooke",433,014.00,0229
"Sherbrooke",433,015.01,3089
"Sherbrooke",433,015.02,3090
"Sherbrooke",433,016.00,0231
"Sherbrooke",433,017.00,0232
"Sherbrooke",433,018.00,0233
"Sherbrooke",433,019.00,0234
"Sherbrooke",433,100.00,0235
"Sherbrooke",433,110.01,3091
"Sherbrooke",433,110.02,3092
"Sherbrooke",433,111.01,3093
"Sherbrooke",433,111.02,3094
"Sherbrooke",433,111.03,3095
"Sherbrooke",433,111.04,3096
"Sherbrooke",433,112.00,3097
"Sherbrooke",433,113.00,3098
"Trois-Rivieres",442,000000,0000
"Trois-Rivieres",442,001.00,0236
"Trois-Rivieres",442,002.00,0237
"Trois-Rivieres",442,003.00,0238
"Trois-Rivieres",442,004.00,0239
"Trois-Rivieres",442,005.00,0240
"Trois-Rivieres",442,006.00,0241
"Trois-Rivieres",442,007.00,0242
"Trois-Rivieres",442,008.00,0243
"Trois-Rivieres",442,009.00,0244
"Trois-Rivieres",442,010.00,0245
"Trois-Rivieres",442,011.00,0246
"Trois-Rivieres",442,012.00,0247
"Trois-Rivieres",442,013.00,0248
"Trois-Rivieres",442,100.00,2509
"Trois-Rivieres",442,101.00,2510
"Trois-Rivieres",442,102.00,3099
"Trois-Rivieres",442,200.00,0250
"Trois-Rivieres",442,201.00,0251
"Trois-Rivieres",442,202.00,0252
"Trois-Rivieres",442,203.00,0253
"Trois-Rivieres",442,204.00,0254
"Trois-Rivieres",442,205.01,3100
"Trois-Rivieres",442,205.02,3101
"Trois-Rivieres",442,210.00,2786
"Trois-Rivieres",442,211.00,3102
"Montreal",462,000000,0000
"Montreal",462,001.00,0257
"Montreal",462,002.00,0258
"Montreal",462,003.00,0259
"Montreal",462,004.00,0260
"Montreal",462,005.00,0261
"Montreal",462,006.00,0262
"Montreal",462,007.00,0263
"Montreal",462,008.00,0264
"Montreal",462,009.00,0265
"Montreal",462,010.00,0266
"Montreal",462,011.00,0267
"Montreal",462,012.01,2852
"Montreal",462,012.02,2853
"Montreal",462,013.00,0269
"Montreal",462,014.00,0270
"Montreal",462,015.00,0271
"Montreal",462,016.00,0272
"Montreal",462,017.00,0273
"Montreal",462,018.00,0274
"Montreal",462,019.00,0275
"Montreal",462,020.00,0276
"Montreal",462,021.00,0277
"Montreal",462,022.00,0278
"Montreal",462,023.00,0279
"Montreal",462,024.00,0280
"Montreal",462,025.00,0281
"Montreal",462,026.00,0282
"Montreal",462,027.00,0283
"Montreal",462,028.00,0284
"Montreal",462,029.00,0285
"Montreal",462,030.00,0286
"Montreal",462,031.00,0287
"Montreal",462,032.00,0288
"Montreal",462,033.00,0289
"Montreal",462,034.00,0290
"Montreal",462,035.00,0291
"Montreal",462,036.00,0292
"Montreal",462,037.00,0293
"Montreal",462,038.00,0294
"Montreal",462,039.00,0295
"Montreal",462,040.00,0296
"Montreal",462,041.00,0297
"Montreal",462,042.00,0298
"Montreal",462,043.00,0299
"Montreal",462,044.00,0300
"Montreal",462,045.00,0301
"Montreal",462,046.00,0302
"Montreal",462,047.00,0303
"Montreal",462,048.00,0304
"Montreal",462,049.00,0305
"Montreal",462,050.00,0306
"Montreal",462,051.00,0307
"Montreal",462,052.00,0308
"Montreal",462,053.00,0309
"Montreal",462,054.00,0310
"Montreal",462,055.00,0311
"Montreal",462,056.00,0312
"Montreal",462,057.00,0313
"Montreal",462,058.00,0314
"Montreal",462,059.00,0315
"Montreal",462,060.00,0316
"Montreal",462,061.00,0317
"Montreal",462,062.00,0318
"Montreal",462,063.00,0319
"Montreal",462,064.00,0320
"Montreal",462,065.01,3103
"Montreal",462,065.02,3104
"Montreal",462,066.01,3105
"Montreal",462,066.02,3106
"Montreal",462,067.00,0323
"Montreal",462,068.00,0324
"Montreal",462,069.00,0325
"Montreal",462,070.00,0326
"Montreal",462,071.00,0327
"Montreal",462,072.00,0328
"Montreal",462,073.00,0329
"Montreal",462,074.00,0330
"Montreal",462,075.00,0331
"Montreal",462,076.00,0332
"Montreal",462,077.00,0333
"Montreal",462,078.00,0334
"Montreal",462,079.00,0335
"Montreal",462,080.00,0336
"Montreal",462,081.00,0337
"Montreal",462,082.00,0338
"Montreal",462,083.00,0339
"Montreal",462,084.00,0340
"Montreal",462,085.00,0341
"Montreal",462,086.00,0342
"Montreal",462,087.00,0343
"Montreal",462,088.00,0344
"Montreal",462,089.00,0345
"Montreal",462,090.00,0346
"Montreal",462,091.00,0347
"Montreal",462,092.00,0348
"Montreal",462,093.00,0349
"Montreal",462,094.00,0350
"Montreal",462,095.00,0351
"Montreal",462,096.00,0352
"Montreal",462,097.01,2854
"Montreal",462,097.02,2855
"Montreal",462,098.00,0354
"Montreal",462,099.00,0355
"Montreal",462,100.00,0356
"Montreal",462,101.00,0357
"Montreal",462,102.00,0358
"Montreal",462,103.00,0359
"Montreal",462,104.00,0360
"Montreal",462,105.00,0361
"Montreal",462,106.00,0362
"Montreal",462,107.00,0363
"Montreal",462,108.00,0364
"Montreal",462,109.00,0365
"Montreal",462,110.00,0366
"Montreal",462,111.00,0367
"Montreal",462,112.00,0368
"Montreal",462,113.00,0369
"Montreal",462,114.00,0370
"Montreal",462,115.01,3107
"Montreal",462,115.02,3108
"Montreal",462,116.00,0372
"Montreal",462,117.00,0373
"Montreal",462,118.00,0374
"Montreal",462,119.00,0375
"Montreal",462,120.00,0376
"Montreal",462,121.00,0377
"Montreal",462,122.00,0378
"Montreal",462,123.00,0379
"Montreal",462,124.00,0380
"Montreal",462,125.00,0381
"Montreal",462,126.00,0382
"Montreal",462,127.00,0383
"Montreal",462,128.00,0384
"Montreal",462,129.00,0385
"Montreal",462,130.00,0386
"Montreal",462,131.00,0387
"Montreal",462,132.00,0388
"Montreal",462,133.00,0389
"Montreal",462,134.00,0390
"Montreal",462,135.00,0391
"Montreal",462,136.00,0392
"Montreal",462,137.00,0393
"Montreal",462,138.00,0394
"Montreal",462,139.00,0395
"Montreal",462,140.00,0396
"Montreal",462,141.00,0397
"Montreal",462,142.00,0398
"Montreal",462,143.00,0399
"Montreal",462,144.00,0400
"Montreal",462,145.00,0401
"Montreal",462,146.00,0402
"Montreal",462,147.00,0403
"Montreal",462,148.00,0404
"Montreal",462,149.00,0405
"Montreal",462,150.00,0406
"Montreal",462,151.00,0407
"Montreal",462,152.00,0408
"Montreal",462,153.00,0409
"Montreal",462,154.00,0410
"Montreal",462,155.00,0411
"Montreal",462,156.00,0412
"Montreal",462,157.00,0413
"Montreal",462,158.00,0414
"Montreal",462,159.00,0415
"Montreal",462,160.00,0416
"Montreal",462,161.00,0417
"Montreal",462,162.00,0418
"Montreal",462,163.00,0419
"Montreal",462,164.00,0420
"Montreal",462,165.00,0421
"Montreal",462,166.00,0422
"Montreal",462,167.00,0423
"Montreal",462,168.00,0424
"Montreal",462,169.00,0425
"Montreal",462,170.00,0426
"Montreal",462,171.00,0427
"Montreal",462,172.00,0428
"Montreal",462,173.00,0429
"Montreal",462,174.00,0430
"Montreal",462,175.00,0431
"Montreal",462,176.00,0432
"Montreal",462,177.00,0433
"Montreal",462,178.00,0434
"Montreal",462,179.00,0435
"Montreal",462,180.00,0436
"Montreal",462,181.00,0437
"Montreal",462,182.00,0438
"Montreal",462,183.00,0439
"Montreal",462,184.00,0440
"Montreal",462,185.00,0441
"Montreal",462,186.00,0442
"Montreal",462,187.00,0443
"Montreal",462,188.01,3109
"Montreal",462,188.02,3110
"Montreal",462,189.00,0445
"Montreal",462,190.00,0446
"Montreal",462,191.00,0447
"Montreal",462,192.00,0448
"Montreal",462,193.00,0449
"Montreal",462,194.00,0450
"Montreal",462,195.01,3111
"Montreal",462,195.02,3112
"Montreal",462,196.00,0452
"Montreal",462,197.00,0453
"Montreal",462,198.00,0454
"Montreal",462,199.00,0455
"Montreal",462,200.00,0456
"Montreal",462,201.00,0457
"Montreal",462,202.00,0458
"Montreal",462,203.00,0459
"Montreal",462,204.00,0460
"Montreal",462,205.00,0461
"Montreal",462,206.00,0462
"Montreal",462,207.00,0463
"Montreal",462,208.00,0464
"Montreal",462,209.00,0465
"Montreal",462,210.00,0466
"Montreal",462,211.00,0467
"Montreal",462,212.00,0468
"Montreal",462,213.00,0469
"Montreal",462,214.00,0470
"Montreal",462,215.00,0471
"Montreal",462,216.00,0472
"Montreal",462,217.00,0473
"Montreal",462,218.00,0474
"Montreal",462,219.00,0475
"Montreal",462,220.00,0476
"Montreal",462,221.00,0477
"Montreal",462,222.00,0478
"Montreal",462,223.01,3113
"Montreal",462,223.02,3114
"Montreal",462,224.00,0480
"Montreal",462,225.00,0481
"Montreal",462,226.00,0482
"Montreal",462,227.00,0483
"Montreal",462,228.00,0484
"Montreal",462,229.00,0485
"Montreal",462,230.00,0486
"Montreal",462,231.00,0487
"Montreal",462,232.00,0488
"Montreal",462,233.00,0489
"Montreal",462,234.00,0490
"Montreal",462,235.00,0491
"Montreal",462,236.00,0492
"Montreal",462,237.00,0493
"Montreal",462,238.00,0494
"Montreal",462,239.00,0495
"Montreal",462,240.00,0496
"Montreal",462,241.00,0497
"Montreal",462,242.00,0498
"Montreal",462,243.00,0499
"Montreal",462,244.00,0500
"Montreal",462,245.00,0501
"Montreal",462,246.00,0502
"Montreal",462,247.00,0503
"Montreal",462,248.00,0504
"Montreal",462,249.00,0505
"Montreal",462,250.00,0506
"Montreal",462,251.01,3115
"Montreal",462,251.02,3116
"Montreal",462,252.00,0508
"Montreal",462,253.00,0509
"Montreal",462,254.00,0510
"Montreal",462,255.00,0511
"Montreal",462,256.00,0512
"Montreal",462,257.00,0513
"Montreal",462,258.00,0514
"Montreal",462,259.00,0515
"Montreal",462,260.00,0516
"Montreal",462,261.00,0517
"Montreal",462,262.00,0518
"Montreal",462,263.00,0519
"Montreal",462,264.00,0520
"Montreal",462,265.00,0521
"Montreal",462,266.00,0522
"Montreal",462,267.00,0523
"Montreal",462,268.00,0524
"Montreal",462,269.00,0525
"Montreal",462,270.00,0526
"Montreal",462,271.00,0527
"Montreal",462,272.00,0528
"Montreal",462,273.00,0529
"Montreal",462,274.00,0530
"Montreal",462,275.00,0531
"Montreal",462,276.00,0532
"Montreal",462,277.00,0533
"Montreal",462,278.00,0534
"Montreal",462,279.00,0535
"Montreal",462,280.00,0536
"Montreal",462,281.00,0537
"Montreal",462,282.00,0538
"Montreal",462,283.01,2856
"Montreal",462,283.02,2857
"Montreal",462,284.00,0540
"Montreal",462,285.00,0541
"Montreal",462,286.00,0542
"Montreal",462,287.00,0543
"Montreal",462,288.00,0544
"Montreal",462,290.01,3117
"Montreal",462,290.02,3118
"Montreal",462,291.00,0547
"Montreal",462,300.00,0548
"Montreal",462,301.00,0549
"Montreal",462,302.00,0550
"Montreal",462,303.00,0551
"Montreal",462,304.00,0552
"Montreal",462,305.00,0553
"Montreal",462,306.00,0554
"Montreal",462,307.00,0555
"Montreal",462,308.00,0556
"Montreal",462,309.00,0557
"Montreal",462,310.00,0558
"Montreal",462,311.00,0559
"Montreal",462,312.00,0560
"Montreal",462,313.00,0561
"Montreal",462,314.00,0562
"Montreal",462,315.00,0563
"Montreal",462,316.00,0564
"Montreal",462,317.00,0565
"Montreal",462,320.00,0566
"Montreal",462,321.00,0567
"Montreal",462,322.01,2858
"Montreal",462,322.02,2859
"Montreal",462,323.00,0569
"Montreal",462,324.01,3119
"Montreal",462,324.02,3120
"Montreal",462,325.01,2860
"Montreal",462,325.02,2861
"Montreal",462,325.03,2862
"Montreal",462,325.04,3121
"Montreal",462,326.01,2863
"Montreal",462,326.02,2864
"Montreal",462,327.00,0573
"Montreal",462,328.00,2865
"Montreal",462,329.00,0575
"Montreal",462,330.00,0576
"Montreal",462,340.00,0577
"Montreal",462,350.00,0578
"Montreal",462,351.00,0579
"Montreal",462,352.00,0580
"Montreal",462,353.00,0581
"Montreal",462,354.00,0582
"Montreal",462,355.00,0583
"Montreal",462,356.00,0584
"Montreal",462,360.00,0585
"Montreal",462,361.00,0586
"Montreal",462,362.00,0587
"Montreal",462,363.00,0588
"Montreal",462,364.00,0589
"Montreal",462,365.00,0590
"Montreal",462,366.00,0591
"Montreal",462,367.00,0592
"Montreal",462,370.00,0593
"Montreal",462,380.00,0594
"Montreal",462,381.00,0595
"Montreal",462,382.01,3122
"Montreal",462,382.02,3123
"Montreal",462,383.00,0597
"Montreal",462,385.00,0599
"Montreal",462,390.00,0600
"Montreal",462,391.00,0601
"Montreal",462,392.00,0602
"Montreal",462,393.00,0603
"Montreal",462,394.00,0604
"Montreal",462,395.01,2866
"Montreal",462,395.02,2867
"Montreal",462,395.03,2868
"Montreal",462,396.00,0606
"Montreal",462,397.00,0607
"Montreal",462,400.00,0608
"Montreal",462,401.00,0609
"Montreal",462,402.00,0610
"Montreal",462,403.00,0611
"Montreal",462,404.00,0612
"Montreal",462,410.00,0613
"Montreal",462,411.00,0614
"Montreal",462,412.00,0615
"Montreal",462,413.00,0616
"Montreal",462,414.00,0617
"Montreal",462,415.00,0618
"Montreal",462,416.00,0619
"Montreal",462,417.00,0620
"Montreal",462,418.00,0621
"Montreal",462,419.00,0622
"Montreal",462,420.00,0623
"Montreal",462,421.00,0624
"Montreal",462,430.00,0625
"Montreal",462,431.00,0626
"Montreal",462,432.00,0627
"Montreal",462,433.00,0628
"Montreal",462,440.00,0629
"Montreal",462,450.00,0630
"Montreal",462,451.00,0631
"Montreal",462,452.00,0632
"Montreal",462,453.00,0633
"Montreal",462,460.00,0634
"Montreal",462,461.00,0635
"Montreal",462,462.01,3124
"Montreal",462,462.02,3125
"Montreal",462,470.01,3126
"Montreal",462,470.02,3127
"Montreal",462,480.00,0638
"Montreal",462,490.00,0639
"Montreal",462,491.00,0640
"Montreal",462,500.00,0641
"Montreal",462,510.00,0642
"Montreal",462,511.00,0643
"Montreal",462,512.01,3128
"Montreal",462,512.02,3129
"Montreal",462,513.00,0645
"Montreal",462,514.01,3130
"Montreal",462,514.02,3131
"Montreal",462,515.00,0647
"Montreal",462,520.01,2869
"Montreal",462,520.02,2870
"Montreal",462,521.01,3132
"Montreal",462,521.02,3133
"Montreal",462,522.00,0650
"Montreal",462,523.00,0651
"Montreal",462,530.00,0652
"Montreal",462,540.00,0653
"Montreal",462,550.00,0654
"Montreal",462,560.00,0655
"Montreal",462,570.00,0656
"Montreal",462,580.00,0657
"Montreal",462,581.00,0658
"Montreal",462,582.01,3134
"Montreal",462,582.02,3135
"Montreal",462,583.00,0660
"Montreal",462,584.00,0661
"Montreal",462,585.00,0662
"Montreal",462,590.01,2871
"Montreal",462,590.02,2872
"Montreal",462,591.01,2873
"Montreal",462,591.02,2874
"Montreal",462,592.00,0665
"Montreal",462,593.00,0666
"Montreal",462,594.00,0667
"Montreal",462,600.01,3136
"Montreal",462,600.02,3137
"Montreal",462,600.03,3138
"Montreal",462,601.01,3139
"Montreal",462,601.02,3140
"Montreal",462,602.01,3141
"Montreal",462,602.02,3142
"Montreal",462,603.01,2875
"Montreal",462,603.02,2876
"Montreal",462,603.03,3143
"Montreal",462,604.01,2877
"Montreal",462,604.02,2878
"Montreal",462,604.03,3144
"Montreal",462,604.04,3145
"Montreal",462,604.05,3146
"Montreal",462,605.01,2879
"Montreal",462,605.02,2880
"Montreal",462,605.03,3147
"Montreal",462,605.04,3148
"Montreal",462,605.05,3149
"Montreal",462,610.01,2881
"Montreal",462,610.02,2882
"Montreal",462,610.03,2883
"Montreal",462,610.04,2884
"Montreal",462,610.05,3150
"Montreal",462,610.06,3151
"Montreal",462,611.01,2885
"Montreal",462,611.02,2886
"Montreal",462,612.00,0676
"Montreal",462,613.00,0677
"Montreal",462,614.00,0678
"Montreal",462,615.00,0679
"Montreal",462,616.00,0680
"Montreal",462,617.01,2887
"Montreal",462,617.02,2888
"Montreal",462,618.00,0682
"Montreal",462,619.00,0683
"Montreal",462,625.00,0684
"Montreal",462,626.00,0685
"Montreal",462,627.00,0686
"Montreal",462,628.01,3152
"Montreal",462,628.02,3153
"Montreal",462,629.00,0688
"Montreal",462,630.01,2889
"Montreal",462,630.02,2890
"Montreal",462,631.00,0690
"Montreal",462,632.01,2891
"Montreal",462,632.02,2892
"Montreal",462,633.00,0692
"Montreal",462,634.00,0693
"Montreal",462,635.00,0694
"Montreal",462,636.00,0695
"Montreal",462,637.00,0696
"Montreal",462,638.01,2893
"Montreal",462,638.02,2894
"Montreal",462,638.03,2895
"Montreal",462,638.04,3154
"Montreal",462,639.00,0698
"Montreal",462,640.00,0699
"Montreal",462,641.01,3155
"Montreal",462,641.02,3156
"Montreal",462,642.00,0701
"Montreal",462,643.00,0702
"Montreal",462,644.00,0703
"Montreal",462,645.00,0704
"Montreal",462,646.01,2896
"Montreal",462,646.02,2897
"Montreal",462,646.03,2898
"Montreal",462,647.00,0706
"Montreal",462,648.00,0707
"Montreal",462,649.00,0708
"Montreal",462,650.01,2899
"Montreal",462,650.02,2900
"Montreal",462,650.03,2901
"Montreal",462,651.00,0710
"Montreal",462,652.01,2902
"Montreal",462,652.02,2903
"Montreal",462,653.00,0712
"Montreal",462,654.00,0713
"Montreal",462,655.00,0714
"Montreal",462,656.00,0715
"Montreal",462,657.01,3157
"Montreal",462,657.02,3158
"Montreal",462,658.01,3159
"Montreal",462,658.02,3160
"Montreal",462,658.03,3161
"Montreal",462,659.01,2904
"Montreal",462,659.02,2905
"Montreal",462,660.00,0719
"Montreal",462,661.01,3162
"Montreal",462,661.02,3163
"Montreal",462,662.00,0721
"Montreal",462,675.00,0722
"Montreal",462,676.01,3164
"Montreal",462,676.02,3165
"Montreal",462,676.03,3166
"Montreal",462,676.04,3167
"Montreal",462,677.00,0724
"Montreal",462,681.00,2693
"Montreal",462,682.00,0729
"Montreal",462,683.00,0730
"Montreal",462,684.00,0731
"Montreal",462,685.00,2908
"Montreal",462,686.00,2909
"Montreal",462,687.01,3168
"Montreal",462,687.02,3169
"Montreal",462,688.00,2694
"Montreal",462,700.01,2911
"Montreal",462,700.02,2912
"Montreal",462,701.00,0735
"Montreal",462,702.00,0736
"Montreal",462,703.00,0737
"Montreal",462,704.01,3170
"Montreal",462,704.02,3171
"Montreal",462,705.00,0739
"Montreal",462,706.00,0740
"Montreal",462,707.00,0741
"Montreal",462,708.00,0742
"Montreal",462,709.00,2913
"Montreal",462,710.00,2914
"Montreal",462,725.01,3172
"Montreal",462,725.02,3173
"Montreal",462,726.00,2916
"Montreal",462,727.00,2917
"Montreal",462,728.00,0747
"Montreal",462,729.00,0748
"Montreal",462,730.00,0749
"Montreal",462,731.00,0750
"Montreal",462,732.00,2695
"Montreal",462,750.00,2920
"Montreal",462,751.00,2921
"Montreal",462,755.00,0756
"Montreal",462,756.01,2922
"Montreal",462,756.02,2923
"Montreal",462,757.00,2924
"Montreal",462,758.00,2696
"Montreal",462,775.00,2925
"Montreal",462,800.00,0765
"Montreal",462,801.00,0766
"Montreal",462,802.00,0767
"Montreal",462,804.00,0769
"Montreal",462,805.00,0770
"Montreal",462,806.00,0771
"Montreal",462,807.00,0772
"Montreal",462,825.01,2927
"Montreal",462,825.02,2928
"Montreal",462,825.03,2929
"Montreal",462,825.04,2930
"Montreal",462,825.05,3174
"Montreal",462,826.01,3175
"Montreal",462,826.02,3176
"Montreal",462,827.01,2931
"Montreal",462,827.02,2932
"Montreal",462,828.00,0776
"Montreal",462,829.00,0777
"Montreal",462,830.00,0778
"Montreal",462,831.00,0779
"Montreal",462,832.00,0780
"Montreal",462,833.00,2697
"Montreal",462,850.00,0781
"Montreal",462,851.00,0782
"Montreal",462,852.01,2933
"Montreal",462,852.02,2934
"Montreal",462,853.00,0784
"Montreal",462,854.00,0785
"Montreal",462,855.01,3177
"Montreal",462,855.02,3178
"Montreal",462,856.00,0787
"Montreal",462,857.01,2935
"Montreal",462,857.02,2936
"Montreal",462,857.03,3179
"Montreal",462,858.01,3180
"Montreal",462,858.02,3181
"Montreal",462,858.03,3182
"Montreal",462,859.00,0790
"Montreal",462,860.01,3183
"Montreal",462,860.02,3184
"Montreal",462,861.00,0792
"Montreal",462,862.00,0793
"Montreal",462,863.01,3185
"Montreal",462,863.02,3186
"Montreal",462,864.00,0795
"Montreal",462,865.00,0796
"Montreal",462,866.00,0797
"Montreal",462,867.00,0798
"Montreal",462,868.01,2937
"Montreal",462,868.02,2938
"Montreal",462,869.00,0800
"Montreal",462,870.01,3187
"Montreal",462,870.02,3188
"Montreal",462,871.01,3189
"Montreal",462,871.02,3190
"Montreal",462,872.00,0803
"Montreal",462,873.01,3191
"Montreal",462,873.02,3192
"Montreal",462,874.00,0805
"Montreal",462,875.00,0806
"Montreal",462,876.01,3193
"Montreal",462,876.02,3194
"Montreal",462,877.00,0808
"Montreal",462,878.00,0809
"Montreal",462,879.01,2939
"Montreal",462,879.02,2940
"Montreal",462,880.00,0811
"Montreal",462,881.01,2941
"Montreal",462,881.02,2942
"Montreal",462,882.00,0813
"Montreal",462,883.00,0814
"Montreal",462,884.01,3195
"Montreal",462,884.02,3196
"Montreal",462,885.00,0816
"Montreal",462,886.00,0817
"Montreal",462,887.01,3197
"Montreal",462,887.02,3198
"Montreal",462,888.00,0819
"Montreal",462,889.01,2943
"Montreal",462,889.02,2944
"Montreal",462,889.03,2945
"Montreal",462,900.00,0821
"Montreal",462,901.00,0822
"Montreal",462,902.00,0823
"Montreal",462,903.01,3199
"Montreal",462,903.02,3200
"Montreal",462,904.00,2947
"Montreal",462,926.00,2949
"Montreal",462,929.00,0833
"Montreal",462,930.00,0834
"Ottawa - Hull",505,000000,0000
"Ottawa - Hull",505,001.01,2522
"Ottawa - Hull",505,001.02,2523
"Ottawa - Hull",505,002.01,3201
"Ottawa - Hull",505,002.02,3202
"Ottawa - Hull",505,002.03,3203
"Ottawa - Hull",505,003.00,0838
"Ottawa - Hull",505,004.00,0839
"Ottawa - Hull",505,005.00,0840
"Ottawa - Hull",505,006.00,0841
"Ottawa - Hull",505,007.01,2524
"Ottawa - Hull",505,007.02,2525
"Ottawa - Hull",505,007.03,3204
"Ottawa - Hull",505,008.00,0843
"Ottawa - Hull",505,009.00,0844
"Ottawa - Hull",505,010.00,0845
"Ottawa - Hull",505,011.01,2526
"Ottawa - Hull",505,011.02,2527
"Ottawa - Hull",505,012.00,0847
"Ottawa - Hull",505,013.00,0848
"Ottawa - Hull",505,014.00,0849
"Ottawa - Hull",505,015.00,0850
"Ottawa - Hull",505,016.00,0851
"Ottawa - Hull",505,017.00,0852
"Ottawa - Hull",505,018.00,0853
"Ottawa - Hull",505,019.00,0854
"Ottawa - Hull",505,020.01,3205
"Ottawa - Hull",505,020.02,3206
"Ottawa - Hull",505,021.00,0856
"Ottawa - Hull",505,022.00,0857
"Ottawa - Hull",505,023.00,0858
"Ottawa - Hull",505,024.00,0859
"Ottawa - Hull",505,025.00,0860
"Ottawa - Hull",505,026.00,0861
"Ottawa - Hull",505,027.00,0862
"Ottawa - Hull",505,028.00,0863
"Ottawa - Hull",505,029.00,0864
"Ottawa - Hull",505,030.00,0865
"Ottawa - Hull",505,031.00,0866
"Ottawa - Hull",505,032.01,3207
"Ottawa - Hull",505,032.02,3208
"Ottawa - Hull",505,033.01,3209
"Ottawa - Hull",505,033.02,3210
"Ottawa - Hull",505,034.00,0869
"Ottawa - Hull",505,035.00,0870
"Ottawa - Hull",505,036.00,0871
"Ottawa - Hull",505,037.00,0872
"Ottawa - Hull",505,038.00,0873
"Ottawa - Hull",505,039.00,0874
"Ottawa - Hull",505,040.00,0875
"Ottawa - Hull",505,041.00,0876
"Ottawa - Hull",505,042.00,0877
"Ottawa - Hull",505,043.00,0878
"Ottawa - Hull",505,044.00,0879
"Ottawa - Hull",505,045.00,0880
"Ottawa - Hull",505,046.00,0881
"Ottawa - Hull",505,047.00,0882
"Ottawa - Hull",505,048.00,0883
"Ottawa - Hull",505,049.00,0884
"Ottawa - Hull",505,050.00,0885
"Ottawa - Hull",505,051.00,0886
"Ottawa - Hull",505,052.00,0887
"Ottawa - Hull",505,053.00,0888
"Ottawa - Hull",505,054.00,0889
"Ottawa - Hull",505,055.00,0890
"Ottawa - Hull",505,056.00,0891
"Ottawa - Hull",505,057.00,0892
"Ottawa - Hull",505,058.00,0893
"Ottawa - Hull",505,059.00,0894
"Ottawa - Hull",505,060.00,0895
"Ottawa - Hull",505,061.00,0896
"Ottawa - Hull",505,062.01,2528
"Ottawa - Hull",505,062.02,2529
"Ottawa - Hull",505,100.00,0898
"Ottawa - Hull",505,101.00,0899
"Ottawa - Hull",505,102.00,0900
"Ottawa - Hull",505,103.00,0901
"Ottawa - Hull",505,104.00,0902
"Ottawa - Hull",505,110.00,0903
"Ottawa - Hull",505,120.01,2530
"Ottawa - Hull",505,120.02,2531
"Ottawa - Hull",505,120.03,3211
"Ottawa - Hull",505,121.01,3212
"Ottawa - Hull",505,121.02,3213
"Ottawa - Hull",505,122.01,3214
"Ottawa - Hull",505,122.02,3215
"Ottawa - Hull",505,123.01,3216
"Ottawa - Hull",505,123.02,3217
"Ottawa - Hull",505,124.01,3218
"Ottawa - Hull",505,124.02,3219
"Ottawa - Hull",505,124.03,3220
"Ottawa - Hull",505,125.01,3221
"Ottawa - Hull",505,125.02,3222
"Ottawa - Hull",505,125.03,3223
"Ottawa - Hull",505,125.04,3224
"Ottawa - Hull",505,126.00,2534
"Ottawa - Hull",505,127.00,2535
"Ottawa - Hull",505,130.01,3225
"Ottawa - Hull",505,130.02,3226
"Ottawa - Hull",505,131.01,2536
"Ottawa - Hull",505,131.02,2537
"Ottawa - Hull",505,132.00,0911
"Ottawa - Hull",505,133.00,0912
"Ottawa - Hull",505,134.00,0913
"Ottawa - Hull",505,135.01,2538
"Ottawa - Hull",505,135.02,2539
"Ottawa - Hull",505,135.03,3227
"Ottawa - Hull",505,136.01,3228
"Ottawa - Hull",505,136.02,3229
"Ottawa - Hull",505,137.01,3230
"Ottawa - Hull",505,137.02,3231
"Ottawa - Hull",505,137.03,3232
"Ottawa - Hull",505,138.00,0917
"Ottawa - Hull",505,139.00,0918
"Ottawa - Hull",505,140.01,3233
"Ottawa - Hull",505,140.02,3234
"Ottawa - Hull",505,140.03,3235
"Ottawa - Hull",505,141.00,2541
"Ottawa - Hull",505,151.01,3236
"Ottawa - Hull",505,151.02,3237
"Ottawa - Hull",505,151.03,3238
"Ottawa - Hull",505,160.01,3239
"Ottawa - Hull",505,160.02,3240
"Ottawa - Hull",505,160.03,3241
"Ottawa - Hull",505,161.00,3242
"Ottawa - Hull",505,162.00,3243
"Ottawa - Hull",505,170.01,3244
"Ottawa - Hull",505,170.02,3245
"Ottawa - Hull",505,171.00,2545
"Ottawa - Hull",505,180.00,3002
"Ottawa - Hull",505,181.00,3003
"Ottawa - Hull",505,190.00,3004
"Ottawa - Hull",505,191.00,3005
"Ottawa - Hull",505,200.00,3006
"Ottawa - Hull",505,201.00,3246
"Ottawa - Hull",505,500.00,0925
"Ottawa - Hull",505,501.00,0926
"Ottawa - Hull",505,502.00,0927
"Ottawa - Hull",505,503.00,0928
"Ottawa - Hull",505,504.00,0929
"Ottawa - Hull",505,505.00,0930
"Ottawa - Hull",505,506.00,0931
"Ottawa - Hull",505,507.00,0932
"Ottawa - Hull",505,508.00,0933
"Ottawa - Hull",505,509.00,0934
"Ottawa - Hull",505,510.01,3247
"Ottawa - Hull",505,510.02,3248
"Ottawa - Hull",505,511.01,3249
"Ottawa - Hull",505,511.02,3250
"Ottawa - Hull",505,600.00,0937
"Ottawa - Hull",505,601.01,3251
"Ottawa - Hull",505,601.02,3252
"Ottawa - Hull",505,602.01,3253
"Ottawa - Hull",505,602.02,3254
"Ottawa - Hull",505,610.01,3255
"Ottawa - Hull",505,610.02,3256
"Ottawa - Hull",505,611.00,0941
"Ottawa - Hull",505,612.01,3257
"Ottawa - Hull",505,612.02,3258
"Ottawa - Hull",505,613.01,3259
"Ottawa - Hull",505,613.02,3260
"Ottawa - Hull",505,620.01,3261
"Ottawa - Hull",505,620.02,3262
"Ottawa - Hull",505,630.00,0945
"Ottawa - Hull",505,631.00,3263
"Ottawa - Hull",505,700.01,3264
"Ottawa - Hull",505,700.02,3265
"Ottawa - Hull",505,800.00,0951
"Ottawa - Hull",505,810.01,3266
"Ottawa - Hull",505,810.02,3267
"Ottawa - Hull",505,811.01,3268
"Ottawa - Hull",505,811.02,3269
"Ottawa - Hull",505,820.00,2517
"Ottawa - Hull",505,821.00,2518
"Ottawa - Hull",505,822.01,3270
"Ottawa - Hull",505,822.02,3271
"Ottawa - Hull",505,840.00,2520
"Ottawa - Hull",505,841.01,3272
"Ottawa - Hull",505,841.02,3273
"Kingston",521,000000,0000
"Kingston",521,001.00,0956
"Kingston",521,002.00,0957
"Kingston",521,003.00,0958
"Kingston",521,004.00,0959
"Kingston",521,005.00,0960
"Kingston",521,006.00,0961
"Kingston",521,007.00,0962
"Kingston",521,008.00,0963
"Kingston",521,009.00,0964
"Kingston",521,010.00,0965
"Kingston",521,011.00,0966
"Kingston",521,012.00,0967
"Kingston",521,013.00,0968
"Kingston",521,014.00,0969
"Kingston",521,015.00,0970
"Kingston",521,016.00,0971
"Kingston",521,100.01,3274
"Kingston",521,100.02,3275
"Kingston",521,101.00,2547
"Kingston",521,102.00,3276
"Kingston",521,103.00,3277
"Kingston",521,104.00,3278
"Kingston",521,105.00,3279
"Kingston",521,106.00,3280
"Kingston",521,107.00,3281
"Kingston",521,108.00,3282
"Kingston",521,109.00,3283
"Kingston",521,110.00,2548
"Kingston",521,111.01,3284
"Kingston",521,111.02,3285
"Kingston",521,112.01,3286
"Kingston",521,112.02,3287
"Kingston",521,112.03,3288
"Kingston",521,113.00,2551
"Peterborough",529,000000,0000
"Peterborough",529,001.00,0974
"Peterborough",529,002.00,0975
"Peterborough",529,003.00,0976
"Peterborough",529,004.00,0977
"Peterborough",529,005.00,0978
"Peterborough",529,006.00,0979
"Peterborough",529,007.00,0980
"Peterborough",529,008.00,0981
"Peterborough",529,009.01,3289
"Peterborough",529,009.02,3290
"Peterborough",529,010.00,0983
"Peterborough",529,011.00,0984
"Peterborough",529,012.00,0985
"Peterborough",529,013.00,0986
"Peterborough",529,014.00,0987
"Peterborough",529,100.00,2552
"Peterborough",529,101.00,3291
"Peterborough",529,102.00,3292
"Peterborough",529,103.00,3293
"Peterborough",529,104.00,3294
"Peterborough",529,105.00,3295
"Oshawa",532,000000,0000
"Oshawa",532,001.00,0990
"Oshawa",532,002.01,2553
"Oshawa",532,002.02,2554
"Oshawa",532,002.03,3296
"Oshawa",532,003.01,3297
"Oshawa",532,003.02,3298
"Oshawa",532,004.00,0993
"Oshawa",532,005.00,0994
"Oshawa",532,006.00,0995
"Oshawa",532,007.00,0996
"Oshawa",532,008.01,2555
"Oshawa",532,008.02,2556
"Oshawa",532,008.03,3299
"Oshawa",532,008.04,3300
"Oshawa",532,009.01,3301
"Oshawa",532,009.02,3302
"Oshawa",532,009.03,3303
"Oshawa",532,010.00,0999
"Oshawa",532,011.00,1000
"Oshawa",532,012.00,1001
"Oshawa",532,013.00,1002
"Oshawa",532,014.01,3304
"Oshawa",532,014.02,3305
"Oshawa",532,015.00,2558
"Oshawa",532,016.00,2559
"Oshawa",532,100.00,1005
"Oshawa",532,101.00,1006
"Oshawa",532,102.00,1007
"Oshawa",532,103.00,1008
"Oshawa",532,104.00,1009
"Oshawa",532,105.00,1010
"Toronto",535,000000,0000
"Toronto",535,001.00,1012
"Toronto",535,002.00,1013
"Toronto",535,003.00,1014
"Toronto",535,004.00,1015
"Toronto",535,005.00,1016
"Toronto",535,006.00,1017
"Toronto",535,007.00,1018
"Toronto",535,008.00,1019
"Toronto",535,009.00,1020
"Toronto",535,010.00,1021
"Toronto",535,011.00,1022
"Toronto",535,012.00,1023
"Toronto",535,013.00,1024
"Toronto",535,014.00,1025
"Toronto",535,015.00,1026
"Toronto",535,016.00,1027
"Toronto",535,017.00,1028
"Toronto",535,018.00,1029
"Toronto",535,019.00,1030
"Toronto",535,020.00,1031
"Toronto",535,021.00,1032
"Toronto",535,022.00,1033
"Toronto",535,023.00,1034
"Toronto",535,024.00,1035
"Toronto",535,025.00,1036
"Toronto",535,026.00,1037
"Toronto",535,027.00,1038
"Toronto",535,028.00,1039
"Toronto",535,029.00,1040
"Toronto",535,030.00,1041
"Toronto",535,031.00,1042
"Toronto",535,032.00,1043
"Toronto",535,033.00,1044
"Toronto",535,034.00,1045
"Toronto",535,035.00,1046
"Toronto",535,036.00,1047
"Toronto",535,037.00,1048
"Toronto",535,038.00,1049
"Toronto",535,039.00,1050
"Toronto",535,040.00,1051
"Toronto",535,041.00,1052
"Toronto",535,042.00,1053
"Toronto",535,043.00,1054
"Toronto",535,044.00,1055
"Toronto",535,045.00,1056
"Toronto",535,046.00,1057
"Toronto",535,047.00,1058
"Toronto",535,048.00,1059
"Toronto",535,049.00,1060
"Toronto",535,050.01,3306
"Toronto",535,050.02,3307
"Toronto",535,051.00,1062
"Toronto",535,052.00,1063
"Toronto",535,053.00,1064
"Toronto",535,054.00,1065
"Toronto",535,055.00,1066
"Toronto",535,056.00,1067
"Toronto",535,057.00,1068
"Toronto",535,058.00,1069
"Toronto",535,059.00,1070
"Toronto",535,060.00,1071
"Toronto",535,061.00,1072
"Toronto",535,062.00,1073
"Toronto",535,063.00,1074
"Toronto",535,064.00,1075
"Toronto",535,065.00,1076
"Toronto",535,066.00,1077
"Toronto",535,067.00,1078
"Toronto",535,068.00,1079
"Toronto",535,069.00,1080
"Toronto",535,070.00,1081
"Toronto",535,071.00,1082
"Toronto",535,072.00,1083
"Toronto",535,073.00,1084
"Toronto",535,074.00,1085
"Toronto",535,075.00,1086
"Toronto",535,076.00,1087
"Toronto",535,077.00,1088
"Toronto",535,078.00,1089
"Toronto",535,079.00,1090
"Toronto",535,080.00,1091
"Toronto",535,081.00,1092
"Toronto",535,082.00,1093
"Toronto",535,083.00,1094
"Toronto",535,084.00,1095
"Toronto",535,085.00,1096
"Toronto",535,086.00,1097
"Toronto",535,087.00,1098
"Toronto",535,088.00,1099
"Toronto",535,089.00,1100
"Toronto",535,090.00,1101
"Toronto",535,091.00,1102
"Toronto",535,092.00,1103
"Toronto",535,093.00,1104
"Toronto",535,094.00,1105
"Toronto",535,095.00,1106
"Toronto",535,096.00,1107
"Toronto",535,097.01,3308
"Toronto",535,097.02,3309
"Toronto",535,098.00,1109
"Toronto",535,099.00,1110
"Toronto",535,100.00,1111
"Toronto",535,101.00,1112
"Toronto",535,102.00,1113
"Toronto",535,103.00,1114
"Toronto",535,104.00,1115
"Toronto",535,105.00,1116
"Toronto",535,106.00,1117
"Toronto",535,107.00,1118
"Toronto",535,108.00,1119
"Toronto",535,109.00,1120
"Toronto",535,110.00,1121
"Toronto",535,111.00,1122
"Toronto",535,112.00,1123
"Toronto",535,113.00,1124
"Toronto",535,114.00,1125
"Toronto",535,115.00,1126
"Toronto",535,116.00,1127
"Toronto",535,117.00,1128
"Toronto",535,118.00,1129
"Toronto",535,119.00,1130
"Toronto",535,120.00,1131
"Toronto",535,121.00,1132
"Toronto",535,122.00,1133
"Toronto",535,123.00,1134
"Toronto",535,124.00,1135
"Toronto",535,125.00,1136
"Toronto",535,126.00,1137
"Toronto",535,127.00,1138
"Toronto",535,128.01,3310
"Toronto",535,128.02,3311
"Toronto",535,129.00,1140
"Toronto",535,130.00,1141
"Toronto",535,131.00,1142
"Toronto",535,132.00,1143
"Toronto",535,133.00,1144
"Toronto",535,134.00,1145
"Toronto",535,135.00,1146
"Toronto",535,136.00,1147
"Toronto",535,137.00,1148
"Toronto",535,138.00,1149
"Toronto",535,139.00,1150
"Toronto",535,140.00,1151
"Toronto",535,141.00,1152
"Toronto",535,142.00,1153
"Toronto",535,150.00,1154
"Toronto",535,151.00,1155
"Toronto",535,152.00,1156
"Toronto",535,153.00,1157
"Toronto",535,154.00,1158
"Toronto",535,155.00,1159
"Toronto",535,156.01,3312
"Toronto",535,156.02,3313
"Toronto",535,157.00,1161
"Toronto",535,158.00,1162
"Toronto",535,159.00,1163
"Toronto",535,160.00,1164
"Toronto",535,161.00,1165
"Toronto",535,162.00,1166
"Toronto",535,163.00,1167
"Toronto",535,164.00,1168
"Toronto",535,165.00,1169
"Toronto",535,166.00,1170
"Toronto",535,167.00,1171
"Toronto",535,168.00,1172
"Toronto",535,169.01,3314
"Toronto",535,169.02,3315
"Toronto",535,170.00,1174
"Toronto",535,171.00,1175
"Toronto",535,172.00,1176
"Toronto",535,173.00,1177
"Toronto",535,174.00,1178
"Toronto",535,175.01,3316
"Toronto",535,175.02,3317
"Toronto",535,176.00,1180
"Toronto",535,180.00,1181
"Toronto",535,181.00,1182
"Toronto",535,182.00,1183
"Toronto",535,183.00,1184
"Toronto",535,184.01,3318
"Toronto",535,184.02,3319
"Toronto",535,185.01,3320
"Toronto",535,185.02,3321
"Toronto",535,186.00,1187
"Toronto",535,187.00,1188
"Toronto",535,188.00,1189
"Toronto",535,189.00,1190
"Toronto",535,190.01,3322
"Toronto",535,190.02,3323
"Toronto",535,191.00,1192
"Toronto",535,192.00,1193
"Toronto",535,193.00,1194
"Toronto",535,194.00,1195
"Toronto",535,195.00,1196
"Toronto",535,196.00,1197
"Toronto",535,200.00,1198
"Toronto",535,201.00,1199
"Toronto",535,202.00,1200
"Toronto",535,203.00,1201
"Toronto",535,204.00,1202
"Toronto",535,205.00,1203
"Toronto",535,206.00,1204
"Toronto",535,207.00,1205
"Toronto",535,208.00,1206
"Toronto",535,209.00,1207
"Toronto",535,210.00,1208
"Toronto",535,211.00,1209
"Toronto",535,212.00,1210
"Toronto",535,213.00,1211
"Toronto",535,214.00,1212
"Toronto",535,215.00,1213
"Toronto",535,216.00,1214
"Toronto",535,217.00,1215
"Toronto",535,218.00,1216
"Toronto",535,219.00,1217
"Toronto",535,220.00,1218
"Toronto",535,221.01,3324
"Toronto",535,221.02,3325
"Toronto",535,222.01,3326
"Toronto",535,222.02,3327
"Toronto",535,223.00,1221
"Toronto",535,224.00,1222
"Toronto",535,225.00,1223
"Toronto",535,226.00,1224
"Toronto",535,227.00,1225
"Toronto",535,228.00,1226
"Toronto",535,229.00,1227
"Toronto",535,230.01,3328
"Toronto",535,230.02,3329
"Toronto",535,231.00,1229
"Toronto",535,232.00,1230
"Toronto",535,233.00,1231
"Toronto",535,234.00,1232
"Toronto",535,235.01,3330
"Toronto",535,235.02,3331
"Toronto",535,236.01,3332
"Toronto",535,236.02,3333
"Toronto",535,237.01,2560
"Toronto",535,237.02,2561
"Toronto",535,237.03,2562
"Toronto",535,238.01,3334
"Toronto",535,238.02,3335
"Toronto",535,239.00,1237
"Toronto",535,240.01,3336
"Toronto",535,240.02,3337
"Toronto",535,241.00,1239
"Toronto",535,242.00,1240
"Toronto",535,243.01,3338
"Toronto",535,243.02,3339
"Toronto",535,244.00,1242
"Toronto",535,245.00,1243
"Toronto",535,246.00,1244
"Toronto",535,247.00,1245
"Toronto",535,248.01,3340
"Toronto",535,248.02,3341
"Toronto",535,249.01,2563
"Toronto",535,249.02,2564
"Toronto",535,250.01,3342
"Toronto",535,250.02,3343
"Toronto",535,260.01,2565
"Toronto",535,260.02,2566
"Toronto",535,260.03,3344
"Toronto",535,261.00,1250
"Toronto",535,262.01,3345
"Toronto",535,262.02,3346
"Toronto",535,263.00,1252
"Toronto",535,264.00,1253
"Toronto",535,265.00,1254
"Toronto",535,266.00,1255
"Toronto",535,267.00,1256
"Toronto",535,268.00,1257
"Toronto",535,269.00,1258
"Toronto",535,270.01,3347
"Toronto",535,270.02,3348
"Toronto",535,271.00,1260
"Toronto",535,272.00,1261
"Toronto",535,273.01,3349
"Toronto",535,273.02,3350
"Toronto",535,274.00,1263
"Toronto",535,275.00,1264
"Toronto",535,276.01,3351
"Toronto",535,276.02,3352
"Toronto",535,277.00,1266
"Toronto",535,278.00,1267
"Toronto",535,279.01,3353
"Toronto",535,279.02,3354
"Toronto",535,280.00,1269
"Toronto",535,281.00,1270
"Toronto",535,282.00,1271
"Toronto",535,283.01,3355
"Toronto",535,283.02,3356
"Toronto",535,284.00,1273
"Toronto",535,285.00,1274
"Toronto",535,286.00,1275
"Toronto",535,287.01,3357
"Toronto",535,287.02,3358
"Toronto",535,288.00,1277
"Toronto",535,289.00,1278
"Toronto",535,290.00,1279
"Toronto",535,291.00,1280
"Toronto",535,292.00,1281
"Toronto",535,293.00,1282
"Toronto",535,294.01,3359
"Toronto",535,294.02,3360
"Toronto",535,295.00,1284
"Toronto",535,296.00,1285
"Toronto",535,297.01,3361
"Toronto",535,297.02,3362
"Toronto",535,298.00,1287
"Toronto",535,299.00,1288
"Toronto",535,300.00,1289
"Toronto",535,301.01,2567
"Toronto",535,301.02,2568
"Toronto",535,302.01,3363
"Toronto",535,302.02,3364
"Toronto",535,303.00,1292
"Toronto",535,304.01,2569
"Toronto",535,304.02,2570
"Toronto",535,304.03,2571
"Toronto",535,304.04,2572
"Toronto",535,304.05,3365
"Toronto",535,304.06,3366
"Toronto",535,305.00,1294
"Toronto",535,306.00,1295
"Toronto",535,307.00,1296
"Toronto",535,308.01,3367
"Toronto",535,308.02,3368
"Toronto",535,309.00,1298
"Toronto",535,310.00,1299
"Toronto",535,311.01,2573
"Toronto",535,311.02,2574
"Toronto",535,311.03,2575
"Toronto",535,311.04,2576
"Toronto",535,312.01,2577
"Toronto",535,312.02,2578
"Toronto",535,312.03,2579
"Toronto",535,312.04,3369
"Toronto",535,313.00,1302
"Toronto",535,314.00,1303
"Toronto",535,315.01,2580
"Toronto",535,315.02,2581
"Toronto",535,316.01,2582
"Toronto",535,316.02,2583
"Toronto",535,317.01,3370
"Toronto",535,317.02,3371
"Toronto",535,318.00,1307
"Toronto",535,319.00,1308
"Toronto",535,320.01,3372
"Toronto",535,320.02,3373
"Toronto",535,321.00,1310
"Toronto",535,322.00,1311
"Toronto",535,323.01,3374
"Toronto",535,323.02,3375
"Toronto",535,324.01,2584
"Toronto",535,324.02,2585
"Toronto",535,324.03,2586
"Toronto",535,324.04,3376
"Toronto",535,330.00,1314
"Toronto",535,331.01,3377
"Toronto",535,331.02,3378
"Toronto",535,332.00,1316
"Toronto",535,333.00,1317
"Toronto",535,334.00,1318
"Toronto",535,335.00,1319
"Toronto",535,336.00,1320
"Toronto",535,337.00,1321
"Toronto",535,338.00,1322
"Toronto",535,339.00,1323
"Toronto",535,340.00,1324
"Toronto",535,341.01,3379
"Toronto",535,341.02,3380
"Toronto",535,342.00,1326
"Toronto",535,343.00,1327
"Toronto",535,344.00,1328
"Toronto",535,345.00,1329
"Toronto",535,346.01,3381
"Toronto",535,346.02,3382
"Toronto",535,347.00,1331
"Toronto",535,348.00,1332
"Toronto",535,349.00,1333
"Toronto",535,350.00,1334
"Toronto",535,351.00,1335
"Toronto",535,352.00,1336
"Toronto",535,353.01,3383
"Toronto",535,353.02,3384
"Toronto",535,354.00,1338
"Toronto",535,355.01,3385
"Toronto",535,355.02,3386
"Toronto",535,356.00,1340
"Toronto",535,357.01,3387
"Toronto",535,357.02,3388
"Toronto",535,358.01,3389
"Toronto",535,358.02,3390
"Toronto",535,358.03,3391
"Toronto",535,359.00,1343
"Toronto",535,360.00,1344
"Toronto",535,361.00,1345
"Toronto",535,362.00,1346
"Toronto",535,363.01,3392
"Toronto",535,363.02,3393
"Toronto",535,363.03,3394
"Toronto",535,364.01,3395
"Toronto",535,364.02,3396
"Toronto",535,365.00,1349
"Toronto",535,366.00,1350
"Toronto",535,367.01,3397
"Toronto",535,367.02,3398
"Toronto",535,368.00,1352
"Toronto",535,369.00,1353
"Toronto",535,370.01,3399
"Toronto",535,370.02,3400
"Toronto",535,370.03,3401
"Toronto",535,371.00,1355
"Toronto",535,372.00,1356
"Toronto",535,373.00,1357
"Toronto",535,374.01,3402
"Toronto",535,374.02,3403
"Toronto",535,374.03,3404
"Toronto",535,375.01,2587
"Toronto",535,375.02,2588
"Toronto",535,375.03,2589
"Toronto",535,375.04,3405
"Toronto",535,375.05,3406
"Toronto",535,376.01,2590
"Toronto",535,376.02,2591
"Toronto",535,376.03,3407
"Toronto",535,377.01,3408
"Toronto",535,377.02,3409
"Toronto",535,377.03,3410
"Toronto",535,378.01,3411
"Toronto",535,378.02,3412
"Toronto",535,378.03,3413
"Toronto",535,400.01,2592
"Toronto",535,400.02,2593
"Toronto",535,400.03,3414
"Toronto",535,401.01,3415
"Toronto",535,401.02,3416
"Toronto",535,402.01,2594
"Toronto",535,402.02,2595
"Toronto",535,402.03,2596
"Toronto",535,402.04,3417
"Toronto",535,402.05,3418
"Toronto",535,402.06,3419
"Toronto",535,402.07,3420
"Toronto",535,402.08,3421
"Toronto",535,403.00,1366
"Toronto",535,410.00,2597
"Toronto",535,411.00,2598
"Toronto",535,412.01,3422
"Toronto",535,412.02,3423
"Toronto",535,413.00,2600
"Toronto",535,420.00,1368
"Toronto",535,421.01,3424
"Toronto",535,421.02,3425
"Toronto",535,422.01,2601
"Toronto",535,422.02,2602
"Toronto",535,423.01,3426
"Toronto",535,423.02,3427
"Toronto",535,424.00,1372
"Toronto",535,430.00,2603
"Toronto",535,431.00,2604
"Toronto",535,440.00,1374
"Toronto",535,441.00,1375
"Toronto",535,442.01,3428
"Toronto",535,442.02,3429
"Toronto",535,450.00,1377
"Toronto",535,451.01,3430
"Toronto",535,451.02,3431
"Toronto",535,452.01,3432
"Toronto",535,452.02,3433
"Toronto",535,455.00,2649
"Toronto",535,456.01,3434
"Toronto",535,456.02,3435
"Toronto",535,460.00,2605
"Toronto",535,461.00,2606
"Toronto",535,500.01,3436
"Toronto",535,500.02,3437
"Toronto",535,501.01,3438
"Toronto",535,501.02,3439
"Toronto",535,502.01,3440
"Toronto",535,502.02,3441
"Toronto",535,503.00,1384
"Toronto",535,504.00,1385
"Toronto",535,505.01,3442
"Toronto",535,505.02,3443
"Toronto",535,506.00,1387
"Toronto",535,507.00,1388
"Toronto",535,508.00,1389
"Toronto",535,509.01,3444
"Toronto",535,509.02,3445
"Toronto",535,510.00,1391
"Toronto",535,511.01,3446
"Toronto",535,511.02,3447
"Toronto",535,512.00,1393
"Toronto",535,513.01,3448
"Toronto",535,513.02,3449
"Toronto",535,513.03,3450
"Toronto",535,514.00,1395
"Toronto",535,515.00,1396
"Toronto",535,516.01,3451
"Toronto",535,516.02,3452
"Toronto",535,516.03,3453
"Toronto",535,516.04,3454
"Toronto",535,516.05,3455
"Toronto",535,516.06,3456
"Toronto",535,516.07,3457
"Toronto",535,516.08,3458
"Toronto",535,516.09,3459
"Toronto",535,517.00,1398
"Toronto",535,518.00,1399
"Toronto",535,519.00,1400
"Toronto",535,520.01,3460
"Toronto",535,520.02,3461
"Toronto",535,521.01,3462
"Toronto",535,521.02,3463
"Toronto",535,521.03,3464
"Toronto",535,521.04,3465
"Toronto",535,521.05,3466
"Toronto",535,522.00,1403
"Toronto",535,523.00,1404
"Toronto",535,524.01,3467
"Toronto",535,524.02,3468
"Toronto",535,525.01,3469
"Toronto",535,525.02,3470
"Toronto",535,526.01,3471
"Toronto",535,526.02,3472
"Toronto",535,527.01,3473
"Toronto",535,527.02,3474
"Toronto",535,528.00,1409
"Toronto",535,529.01,3475
"Toronto",535,529.02,3476
"Toronto",535,530.00,1411
"Toronto",535,531.01,3477
"Toronto",535,531.02,3478
"Toronto",535,532.01,3479
"Toronto",535,532.02,3480
"Toronto",535,540.01,3481
"Toronto",535,540.02,3482
"Toronto",535,550.01,3483
"Toronto",535,550.02,3484
"Toronto",535,560.00,1416
"Toronto",535,561.00,1417
"Toronto",535,562.01,3485
"Toronto",535,562.02,3486
"Toronto",535,562.03,3487
"Toronto",535,562.04,3488
"Toronto",535,562.05,3489
"Toronto",535,562.06,3490
"Toronto",535,562.07,3491
"Toronto",535,562.08,3492
"Toronto",535,562.09,3493
"Toronto",535,563.01,3494
"Toronto",535,563.02,3495
"Toronto",535,564.00,1420
"Toronto",535,570.01,3496
"Toronto",535,570.02,3497
"Toronto",535,571.01,3498
"Toronto",535,571.02,3499
"Toronto",535,572.00,1424
"Toronto",535,573.01,3500
"Toronto",535,573.02,3501
"Toronto",535,574.00,1426
"Toronto",535,575.01,3502
"Toronto",535,575.02,3503
"Toronto",535,575.03,3504
"Toronto",535,575.04,3505
"Toronto",535,576.01,3506
"Toronto",535,576.02,3507
"Toronto",535,576.03,3508
"Toronto",535,585.01,3509
"Toronto",535,585.02,3510
"Toronto",535,585.03,3511
"Toronto",535,586.00,2608
"Toronto",535,587.00,3045
"Toronto",535,600.00,1431
"Toronto",535,601.00,1432
"Toronto",535,602.00,1433
"Toronto",535,603.00,1434
"Toronto",535,604.00,1435
"Toronto",535,605.00,1436
"Toronto",535,606.00,1437
"Toronto",535,607.00,1438
"Toronto",535,608.00,1439
"Toronto",535,609.00,1440
"Toronto",535,610.00,1441
"Toronto",535,611.00,1442
"Toronto",535,612.00,1443
"Toronto",535,613.00,1444
"Toronto",535,614.00,1445
"Toronto",535,615.00,1446
"Toronto",535,800.01,3512
"Toronto",535,800.02,3513
"Toronto",535,801.01,3514
"Toronto",535,801.02,3515
"Toronto",535,802.00,1454
"Toronto",535,803.00,1455
"Toronto",535,804.01,3516
"Toronto",535,804.02,3517
"Toronto",535,805.00,1457
"Toronto",535,806.00,1458
"Toronto",535,807.00,1459
"Toronto",535,810.01,3518
"Toronto",535,810.02,3519
"Toronto",535,810.03,3520
"Toronto",535,810.04,3521
"Toronto",535,811.00,1461
"Toronto",535,812.00,1462
"Toronto",535,820.00,1463
"Hamilton",537,000000,0000
"Hamilton",537,001.01,3522
"Hamilton",537,001.02,3523
"Hamilton",537,001.03,3524
"Hamilton",537,002.01,3525
"Hamilton",537,002.02,3526
"Hamilton",537,002.03,3527
"Hamilton",537,003.01,3528
"Hamilton",537,003.02,3529
"Hamilton",537,003.03,3530
"Hamilton",537,003.04,3531
"Hamilton",537,004.01,3532
"Hamilton",537,004.02,3533
"Hamilton",537,005.01,3534
"Hamilton",537,005.02,3535
"Hamilton",537,005.03,3536
"Hamilton",537,006.00,1469
"Hamilton",537,007.00,1470
"Hamilton",537,008.00,1471
"Hamilton",537,009.00,1472
"Hamilton",537,010.00,1473
"Hamilton",537,011.00,1474
"Hamilton",537,012.00,1475
"Hamilton",537,013.00,1476
"Hamilton",537,014.00,1477
"Hamilton",537,015.00,1478
"Hamilton",537,016.00,1479
"Hamilton",537,017.00,1480
"Hamilton",537,018.00,1481
"Hamilton",537,019.00,1482
"Hamilton",537,020.00,1483
"Hamilton",537,021.00,1484
"Hamilton",537,022.00,1485
"Hamilton",537,023.00,1486
"Hamilton",537,024.00,1487
"Hamilton",537,025.00,1488
"Hamilton",537,026.01,3537
"Hamilton",537,026.02,3538
"Hamilton",537,026.03,3539
"Hamilton",537,026.04,3540
"Hamilton",537,026.05,3541
"Hamilton",537,027.00,1490
"Hamilton",537,028.00,1491
"Hamilton",537,029.00,1492
"Hamilton",537,030.00,1493
"Hamilton",537,031.00,1494
"Hamilton",537,032.00,1495
"Hamilton",537,033.00,1496
"Hamilton",537,034.00,1497
"Hamilton",537,035.00,1498
"Hamilton",537,036.00,1499
"Hamilton",537,037.00,1500
"Hamilton",537,038.00,1501
"Hamilton",537,039.00,1502
"Hamilton",537,040.00,1503
"Hamilton",537,041.00,1504
"Hamilton",537,042.00,1505
"Hamilton",537,043.00,1506
"Hamilton",537,044.00,1507
"Hamilton",537,045.00,1508
"Hamilton",537,046.00,1509
"Hamilton",537,047.00,1510
"Hamilton",537,048.00,1511
"Hamilton",537,049.00,1512
"Hamilton",537,050.00,1513
"Hamilton",537,051.00,1514
"Hamilton",537,052.00,1515
"Hamilton",537,053.00,1516
"Hamilton",537,054.00,1517
"Hamilton",537,055.00,1518
"Hamilton",537,056.00,1519
"Hamilton",537,057.00,1520
"Hamilton",537,058.00,1521
"Hamilton",537,059.00,1522
"Hamilton",537,060.00,1523
"Hamilton",537,061.00,1524
"Hamilton",537,062.00,1525
"Hamilton",537,063.00,1526
"Hamilton",537,064.00,1527
"Hamilton",537,065.00,1528
"Hamilton",537,066.00,1529
"Hamilton",537,067.00,1530
"Hamilton",537,068.00,1531
"Hamilton",537,069.00,1532
"Hamilton",537,070.00,1533
"Hamilton",537,071.00,1534
"Hamilton",537,072.01,3542
"Hamilton",537,072.02,3543
"Hamilton",537,072.03,3544
"Hamilton",537,072.04,3545
"Hamilton",537,073.00,1536
"Hamilton",537,080.01,3546
"Hamilton",537,080.02,3547
"Hamilton",537,081.00,2611
"Hamilton",537,082.00,2612
"Hamilton",537,083.00,2613
"Hamilton",537,084.01,3548
"Hamilton",537,084.02,3549
"Hamilton",537,085.00,2615
"Hamilton",537,086.00,2616
"Hamilton",537,100.00,1539
"Hamilton",537,101.00,2788
"Hamilton",537,120.00,2617
"Hamilton",537,121.00,2618
"Hamilton",537,122.00,2619
"Hamilton",537,123.00,2620
"Hamilton",537,124.00,2621
"Hamilton",537,130.00,2622
"Hamilton",537,131.00,2623
"Hamilton",537,132.00,2624
"Hamilton",537,133.00,2625
"Hamilton",537,140.00,2626
"Hamilton",537,141.00,2627
"Hamilton",537,142.00,2628
"Hamilton",537,143.00,2629
"Hamilton",537,144.00,2630
"Hamilton",537,200.00,1546
"Hamilton",537,201.00,1547
"Hamilton",537,202.00,1548
"Hamilton",537,203.00,1549
"Hamilton",537,204.00,1550
"Hamilton",537,205.00,1551
"Hamilton",537,206.00,1552
"Hamilton",537,207.01,3550
"Hamilton",537,207.02,3551
"Hamilton",537,208.00,1554
"Hamilton",537,209.00,1555
"Hamilton",537,210.00,1556
"Hamilton",537,211.00,1557
"Hamilton",537,212.00,1558
"Hamilton",537,213.00,1559
"Hamilton",537,214.00,1560
"Hamilton",537,215.00,1561
"Hamilton",537,216.00,1562
"Hamilton",537,217.01,3552
"Hamilton",537,217.02,3553
"Hamilton",537,218.00,1564
"Hamilton",537,219.00,1565
"Hamilton",537,220.00,1566
"Hamilton",537,221.00,1567
"Hamilton",537,222.00,1568
"Hamilton",537,223.00,1569
"Hamilton",537,224.00,2631
"Hamilton",537,300.00,3015
"Hamilton",537,301.00,3016
"Hamilton",537,302.00,3017
"Hamilton",537,303.00,3018
"St. Catharines - Niagara",539,000000,0000
"St. Catharines - Niagara",539,001.00,1573
"St. Catharines - Niagara",539,002.00,1574
"St. Catharines - Niagara",539,003.00,1575
"St. Catharines - Niagara",539,004.00,1576
"St. Catharines - Niagara",539,005.00,1577
"St. Catharines - Niagara",539,006.00,1578
"St. Catharines - Niagara",539,007.01,3554
"St. Catharines - Niagara",539,007.02,3555
"St. Catharines - Niagara",539,008.00,1580
"St. Catharines - Niagara",539,009.00,1581
"St. Catharines - Niagara",539,010.00,1582
"St. Catharines - Niagara",539,011.00,1583
"St. Catharines - Niagara",539,012.01,3556
"St. Catharines - Niagara",539,012.02,3557
"St. Catharines - Niagara",539,013.01,3558
"St. Catharines - Niagara",539,013.02,3559
"St. Catharines - Niagara",539,014.01,2632
"St. Catharines - Niagara",539,014.02,2633
"St. Catharines - Niagara",539,014.03,3560
"St. Catharines - Niagara",539,015.00,1587
"St. Catharines - Niagara",539,016.01,3561
"St. Catharines - Niagara",539,016.02,3562
"St. Catharines - Niagara",539,017.01,3563
"St. Catharines - Niagara",539,017.02,3564
"St. Catharines - Niagara",539,018.01,3565
"St. Catharines - Niagara",539,018.02,3566
"St. Catharines - Niagara",539,018.03,3567
"St. Catharines - Niagara",539,019.00,1591
"St. Catharines - Niagara",539,020.00,1592
"St. Catharines - Niagara",539,100.00,2634
"St. Catharines - Niagara",539,101.00,2635
"St. Catharines - Niagara",539,102.00,2636
"St. Catharines - Niagara",539,110.00,2637
"St. Catharines - Niagara",539,111.00,2638
"St. Catharines - Niagara",539,112.00,2639
"St. Catharines - Niagara",539,200.00,1595
"St. Catharines - Niagara",539,201.00,1596
"St. Catharines - Niagara",539,202.00,1597
"St. Catharines - Niagara",539,203.01,3568
"St. Catharines - Niagara",539,203.02,3569
"St. Catharines - Niagara",539,204.00,1599
"St. Catharines - Niagara",539,205.00,1600
"St. Catharines - Niagara",539,206.00,1601
"St. Catharines - Niagara",539,207.00,1602
"St. Catharines - Niagara",539,208.00,1603
"St. Catharines - Niagara",539,209.01,3570
"St. Catharines - Niagara",539,209.02,3571
"St. Catharines - Niagara",539,210.00,1605
"St. Catharines - Niagara",539,211.00,1606
"St. Catharines - Niagara",539,212.00,1607
"St. Catharines - Niagara",539,213.00,1608
"St. Catharines - Niagara",539,214.00,1609
"St. Catharines - Niagara",539,215.00,1610
"St. Catharines - Niagara",539,220.00,2640
"St. Catharines - Niagara",539,221.00,2641
"St. Catharines - Niagara",539,230.00,2647
"St. Catharines - Niagara",539,300.00,1612
"St. Catharines - Niagara",539,301.00,1613
"St. Catharines - Niagara",539,302.00,1614
"St. Catharines - Niagara",539,303.00,1615
"St. Catharines - Niagara",539,304.00,1616
"St. Catharines - Niagara",539,305.00,1617
"St. Catharines - Niagara",539,306.00,1618
"St. Catharines - Niagara",539,307.00,1619
"St. Catharines - Niagara",539,308.00,1620
"St. Catharines - Niagara",539,309.00,1621
"St. Catharines - Niagara",539,310.00,1622
"St. Catharines - Niagara",539,311.00,1623
"St. Catharines - Niagara",539,320.00,2642
"St. Catharines - Niagara",539,321.00,2643
"St. Catharines - Niagara",539,322.00,2644
"St. Catharines - Niagara",539,323.00,2645
"St. Catharines - Niagara",539,324.00,2646
"Kitchener",541,000000,0000
"Kitchener",541,001.00,2652
"Kitchener",541,002.01,2653
"Kitchener",541,002.02,2654
"Kitchener",541,003.00,1628
"Kitchener",541,004.01,3572
"Kitchener",541,004.02,3573
"Kitchener",541,005.00,1630
"Kitchener",541,006.00,1631
"Kitchener",541,007.00,1632
"Kitchener",541,008.01,2656
"Kitchener",541,008.02,2657
"Kitchener",541,009.00,2658
"Kitchener",541,010.00,1635
"Kitchener",541,011.00,1636
"Kitchener",541,012.00,1637
"Kitchener",541,013.00,1638
"Kitchener",541,014.01,2659
"Kitchener",541,014.02,2660
"Kitchener",541,015.00,2661
"Kitchener",541,016.00,1641
"Kitchener",541,017.00,1642
"Kitchener",541,018.00,1643
"Kitchener",541,019.00,2662
"Kitchener",541,020.00,1645
"Kitchener",541,021.00,1646
"Kitchener",541,022.00,2663
"Kitchener",541,023.00,1648
"Kitchener",541,024.00,2668
"Kitchener",541,025.00,2665
"Kitchener",541,100.00,1649
"Kitchener",541,101.01,3574
"Kitchener",541,101.02,3575
"Kitchener",541,101.03,3576
"Kitchener",541,102.00,1651
"Kitchener",541,103.00,1652
"Kitchener",541,104.00,1653
"Kitchener",541,105.00,1654
"Kitchener",541,106.01,3577
"Kitchener",541,106.02,3578
"Kitchener",541,106.03,3579
"Kitchener",541,107.00,1656
"Kitchener",541,108.00,2666
"Kitchener",541,109.00,2667
"Kitchener",541,110.00,2669
"Kitchener",541,111.01,3580
"Kitchener",541,111.02,3581
"Kitchener",541,120.00,2671
"Kitchener",541,121.00,2672
"Kitchener",541,122.00,2673
"Kitchener",541,123.00,2674
"Kitchener",541,124.00,2675
"Kitchener",541,125.00,2676
"Kitchener",541,126.01,3582
"Kitchener",541,126.02,3583
"Kitchener",541,126.03,3584
"Kitchener",541,127.01,3585
"Kitchener",541,127.02,3586
"Kitchener",541,128.00,2679
"Kitchener",541,129.00,2680
"Kitchener",541,130.00,2681
"Kitchener",541,131.00,2682
"Kitchener",541,140.00,2670
"Brantford",543,000000,0000
"Brantford",543,001.00,1671
"Brantford",543,002.00,1672
"Brantford",543,003.00,1673
"Brantford",543,004.00,1674
"Brantford",543,005.00,1675
"Brantford",543,006.00,1676
"Brantford",543,007.00,1677
"Brantford",543,008.00,1678
"Brantford",543,009.00,1679
"Brantford",543,010.00,1680
"Brantford",543,011.00,1681
"Brantford",543,012.00,1682
"Brantford",543,013.00,1683
"Brantford",543,014.01,3587
"Brantford",543,014.02,3588
"Brantford",543,014.03,3589
"Brantford",543,014.04,3590
"Brantford",543,100.00,2683
"Brantford",543,101.00,2684
"Brantford",543,102.00,2688
"Brantford",543,110.00,1686
"Guelph",550,000000,0000
"Guelph",550,001.01,3591
"Guelph",550,001.02,3592
"Guelph",550,001.03,3593
"Guelph",550,002.00,1688
"Guelph",550,003.00,2686
"Guelph",550,004.00,2687
"Guelph",550,005.00,1691
"Guelph",550,006.00,1692
"Guelph",550,007.00,1693
"Guelph",550,008.00,1694
"Guelph",550,009.01,3594
"Guelph",550,009.02,3595
"Guelph",550,010.00,1696
"Guelph",550,011.00,1697
"Guelph",550,012.00,1698
"Guelph",550,013.01,3596
"Guelph",550,013.02,3597
"Guelph",550,014.00,2690
"Guelph",550,100.00,3598
"London",555,000000,0000
"London",555,001.01,3599
"London",555,001.02,3600
"London",555,001.03,3601
"London",555,002.01,3602
"London",555,002.02,3603
"London",555,002.03,3604
"London",555,003.00,1703
"London",555,004.00,1704
"London",555,005.01,3605
"London",555,005.02,3606
"London",555,006.01,3607
"London",555,006.02,3608
"London",555,006.03,3609
"London",555,007.00,1707
"London",555,008.00,1708
"London",555,009.01,3610
"London",555,009.02,3611
"London",555,010.01,3612
"London",555,010.02,3613
"London",555,011.00,1711
"London",555,012.00,1712
"London",555,013.00,1713
"London",555,014.00,1714
"London",555,015.00,1715
"London",555,016.00,1716
"London",555,017.00,1717
"London",555,018.00,1718
"London",555,019.00,1719
"London",555,020.01,3614
"London",555,020.02,3615
"London",555,021.00,1721
"London",555,022.00,1722
"London",555,023.00,1723
"London",555,024.00,1724
"London",555,025.00,1725
"London",555,026.00,1726
"London",555,027.01,3616
"London",555,027.02,3617
"London",555,028.00,1728
"London",555,029.00,1729
"London",555,030.00,1730
"London",555,031.00,1731
"London",555,032.00,1732
"London",555,033.00,1733
"London",555,034.00,1734
"London",555,035.00,1735
"London",555,036.00,1736
"London",555,037.00,1737
"London",555,038.00,1738
"London",555,039.00,1739
"London",555,040.00,1740
"London",555,041.00,1741
"London",555,042.00,1742
"London",555,043.00,1743
"London",555,044.01,3618
"London",555,044.02,3619
"London",555,044.03,3620
"London",555,044.04,3621
"London",555,045.00,1745
"London",555,046.00,1746
"London",555,047.00,1747
"London",555,048.00,1748
"London",555,049.00,1749
"London",555,050.00,1750
"London",555,051.00,1751
"London",555,100.00,1752
"London",555,110.00,1753
"London",555,120.00,1754
"London",555,130.00,1755
"London",555,140.00,2832
"London",555,230.00,2791
"Windsor",559,000000,0000
"Windsor",559,001.00,1760
"Windsor",559,002.00,1761
"Windsor",559,003.00,1762
"Windsor",559,004.00,1763
"Windsor",559,005.00,1764
"Windsor",559,006.00,1765
"Windsor",559,007.00,1766
"Windsor",559,008.00,1767
"Windsor",559,009.00,1768
"Windsor",559,010.00,1769
"Windsor",559,011.00,1770
"Windsor",559,012.00,1771
"Windsor",559,013.00,1772
"Windsor",559,014.00,1773
"Windsor",559,015.00,1774
"Windsor",559,016.00,1775
"Windsor",559,017.00,1776
"Windsor",559,018.01,3622
"Windsor",559,018.02,3623
"Windsor",559,019.01,3624
"Windsor",559,019.02,3625
"Windsor",559,019.03,3626
"Windsor",559,020.00,1779
"Windsor",559,021.00,1780
"Windsor",559,022.00,1781
"Windsor",559,023.00,1782
"Windsor",559,024.00,1783
"Windsor",559,025.00,1784
"Windsor",559,026.00,1785
"Windsor",559,027.00,1786
"Windsor",559,028.00,1787
"Windsor",559,029.00,1788
"Windsor",559,030.00,1789
"Windsor",559,031.00,1790
"Windsor",559,032.00,1791
"Windsor",559,033.00,1792
"Windsor",559,034.00,1793
"Windsor",559,035.00,1794
"Windsor",559,036.00,1795
"Windsor",559,037.00,1796
"Windsor",559,038.00,1797
"Windsor",559,039.00,1798
"Windsor",559,040.00,1799
"Windsor",559,041.00,1800
"Windsor",559,042.00,1801
"Windsor",559,043.00,1802
"Windsor",559,100.00,1803
"Windsor",559,101.00,1804
"Windsor",559,102.00,1805
"Windsor",559,110.00,1806
"Windsor",559,120.00,2700
"Windsor",559,130.00,2701
"Windsor",559,140.00,2702
"Windsor",559,150.00,2703
"Windsor",559,155.00,3046
"Windsor",559,160.00,2704
"Sarnia-Clearwater",562,000000,0000
"Sarnia-Clearwater",562,001.00,2708
"Sarnia-Clearwater",562,002.00,1817
"Sarnia-Clearwater",562,003.00,1818
"Sarnia-Clearwater",562,004.00,1819
"Sarnia-Clearwater",562,005.00,1820
"Sarnia-Clearwater",562,006.00,1821
"Sarnia-Clearwater",562,007.00,1822
"Sarnia-Clearwater",562,008.00,1823
"Sarnia-Clearwater",562,009.00,1824
"Sarnia-Clearwater",562,010.00,1825
"Sarnia-Clearwater",562,011.00,1826
"Sarnia-Clearwater",562,012.00,1827
"Sarnia-Clearwater",562,013.00,1828
"Sarnia-Clearwater",562,100.00,1830
"Sarnia-Clearwater",562,101.00,2709
"Sarnia-Clearwater",562,102.00,2710
"Sarnia-Clearwater",562,110.00,2711
"North Bay",575,000000,0000
"North Bay",575,001.00,3627
"North Bay",575,002.00,3628
"North Bay",575,003.00,3629
"North Bay",575,004.00,3630
"North Bay",575,005.00,3631
"North Bay",575,006.00,3632
"North Bay",575,007.00,3633
"North Bay",575,008.00,3634
"North Bay",575,009.00,3635
"North Bay",575,010.00,3636
"North Bay",575,011.00,3637
"North Bay",575,012.00,3638
"North Bay",575,013.00,3639
"North Bay",575,014.00,3640
"North Bay",575,015.00,3641
"North Bay",575,016.00,3642
"North Bay",575,017.00,3643
"North Bay",575,100.00,3644
"North Bay",575,101.00,3645
"Sudbury",580,000000,0000
"Sudbury",580,001.01,2792
"Sudbury",580,001.02,2793
"Sudbury",580,001.03,3646
"Sudbury",580,002.00,1835
"Sudbury",580,003.00,1836
"Sudbury",580,004.00,1837
"Sudbury",580,005.00,1838
"Sudbury",580,006.00,1839
"Sudbury",580,007.00,1840
"Sudbury",580,008.00,1841
"Sudbury",580,009.00,1842
"Sudbury",580,010.00,1843
"Sudbury",580,011.00,1844
"Sudbury",580,012.00,1845
"Sudbury",580,013.00,1846
"Sudbury",580,014.00,1847
"Sudbury",580,015.00,1848
"Sudbury",580,016.01,3647
"Sudbury",580,016.02,3648
"Sudbury",580,017.01,3649
"Sudbury",580,017.02,3650
"Sudbury",580,100.00,1851
"Sudbury",580,101.00,2717
"Sudbury",580,102.00,2718
"Sudbury",580,110.00,1852
"Sudbury",580,130.00,1854
"Sudbury",580,131.00,2712
"Sudbury",580,132.00,2713
"Sudbury",580,160.00,2714
"Sudbury",580,161.01,3651
"Sudbury",580,161.02,3652
"Sudbury",580,162.00,2716
"Sudbury",580,190.00,2719
"Sudbury",580,191.00,2720
"Sudbury",580,192.00,2721
"Sudbury",580,193.00,2722
"Sault St. Marie",590,000000,0000
"Sault St. Marie",590,001.00,1862
"Sault St. Marie",590,002.00,1863
"Sault St. Marie",590,003.00,1864
"Sault St. Marie",590,004.00,1865
"Sault St. Marie",590,005.00,1866
"Sault St. Marie",590,006.00,1867
"Sault St. Marie",590,007.00,1868
"Sault St. Marie",590,008.00,1869
"Sault St. Marie",590,009.00,1870
"Sault St. Marie",590,010.00,1871
"Sault St. Marie",590,011.00,1872
"Sault St. Marie",590,012.00,1873
"Sault St. Marie",590,013.00,1874
"Sault St. Marie",590,014.00,1875
"Sault St. Marie",590,015.00,1876
"Sault St. Marie",590,016.00,1877
"Sault St. Marie",590,017.00,1878
"Sault St. Marie",590,018.01,3653
"Sault St. Marie",590,018.02,3654
"Sault St. Marie",590,100.00,1880
"Sault St. Marie",590,101.00,3655
"Sault St. Marie",590,102.00,3656
"Thunder Bay",595,000000,0000
"Thunder Bay",595,001.00,1881
"Thunder Bay",595,002.00,1882
"Thunder Bay",595,003.00,1883
"Thunder Bay",595,004.00,1884
"Thunder Bay",595,005.00,1885
"Thunder Bay",595,006.00,1886
"Thunder Bay",595,007.00,1887
"Thunder Bay",595,008.00,1888
"Thunder Bay",595,009.01,3657
"Thunder Bay",595,009.02,3658
"Thunder Bay",595,010.01,3659
"Thunder Bay",595,010.02,3660
"Thunder Bay",595,011.01,3661
"Thunder Bay",595,011.02,3662
"Thunder Bay",595,011.03,3663
"Thunder Bay",595,012.00,1892
"Thunder Bay",595,013.00,1893
"Thunder Bay",595,014.00,1894
"Thunder Bay",595,015.00,1895
"Thunder Bay",595,016.00,1896
"Thunder Bay",595,017.00,1897
"Thunder Bay",595,018.00,1898
"Thunder Bay",595,019.00,1899
"Thunder Bay",595,020.00,1900
"Thunder Bay",595,021.00,1901
"Thunder Bay",595,022.01,3664
"Thunder Bay",595,022.02,3665
"Thunder Bay",595,023.00,1903
"Thunder Bay",595,100.00,2724
"Thunder Bay",595,101.00,2648
"Winnipeg",602,000000,0000
"Winnipeg",602,001.00,1906
"Winnipeg",602,002.00,1907
"Winnipeg",602,003.00,1908
"Winnipeg",602,004.01,2725
"Winnipeg",602,004.02,2726
"Winnipeg",602,005.00,1910
"Winnipeg",602,006.00,1911
"Winnipeg",602,007.00,1912
"Winnipeg",602,008.00,1913
"Winnipeg",602,009.00,1914
"Winnipeg",602,010.00,1915
"Winnipeg",602,011.00,1916
"Winnipeg",602,012.00,1917
"Winnipeg",602,013.00,1918
"Winnipeg",602,014.00,1919
"Winnipeg",602,015.00,1920
"Winnipeg",602,016.00,1921
"Winnipeg",602,017.00,1922
"Winnipeg",602,018.00,1923
"Winnipeg",602,019.00,1924
"Winnipeg",602,020.00,1925
"Winnipeg",602,021.00,1926
"Winnipeg",602,022.00,1927
"Winnipeg",602,023.00,1928
"Winnipeg",602,024.00,1929
"Winnipeg",602,025.00,1930
"Winnipeg",602,026.00,1931
"Winnipeg",602,027.00,1932
"Winnipeg",602,028.00,1933
"Winnipeg",602,029.00,1934
"Winnipeg",602,030.00,1935
"Winnipeg",602,031.00,1936
"Winnipeg",602,032.00,1937
"Winnipeg",602,033.00,1938
"Winnipeg",602,034.00,1939
"Winnipeg",602,035.00,1940
"Winnipeg",602,036.00,1941
"Winnipeg",602,037.00,1942
"Winnipeg",602,038.00,1943
"Winnipeg",602,039.00,1944
"Winnipeg",602,040.00,1945
"Winnipeg",602,041.00,1946
"Winnipeg",602,042.00,1947
"Winnipeg",602,043.00,1948
"Winnipeg",602,044.00,1949
"Winnipeg",602,045.00,1950
"Winnipeg",602,046.00,1951
"Winnipeg",602,047.00,1952
"Winnipeg",602,048.00,1953
"Winnipeg",602,049.00,1954
"Winnipeg",602,050.01,3666
"Winnipeg",602,050.02,3667
"Winnipeg",602,051.01,3668
"Winnipeg",602,051.02,3669
"Winnipeg",602,052.00,1957
"Winnipeg",602,100.01,3670
"Winnipeg",602,100.02,3671
"Winnipeg",602,101.01,3672
"Winnipeg",602,101.02,3673
"Winnipeg",602,102.01,2727
"Winnipeg",602,102.02,2728
"Winnipeg",602,102.03,2729
"Winnipeg",602,102.04,3674
"Winnipeg",602,103.00,1961
"Winnipeg",602,104.00,1962
"Winnipeg",602,105.00,1963
"Winnipeg",602,110.01,3675
"Winnipeg",602,110.02,3676
"Winnipeg",602,110.03,3677
"Winnipeg",602,111.00,1965
"Winnipeg",602,112.01,2730
"Winnipeg",602,112.02,2731
"Winnipeg",602,113.00,1967
"Winnipeg",602,114.00,1968
"Winnipeg",602,115.00,1969
"Winnipeg",602,116.00,1970
"Winnipeg",602,117.00,1971
"Winnipeg",602,120.01,2732
"Winnipeg",602,120.02,2733
"Winnipeg",602,120.03,3678
"Winnipeg",602,121.00,1973
"Winnipeg",602,122.00,1974
"Winnipeg",602,123.00,1975
"Winnipeg",602,130.01,3679
"Winnipeg",602,130.02,3680
"Winnipeg",602,131.00,1977
"Winnipeg",602,132.00,1978
"Winnipeg",602,133.00,1979
"Winnipeg",602,134.00,1980
"Winnipeg",602,140.00,1981
"Winnipeg",602,141.01,2734
"Winnipeg",602,141.02,2735
"Winnipeg",602,142.01,3681
"Winnipeg",602,142.02,3682
"Winnipeg",602,150.00,1984
"Winnipeg",602,500.01,2736
"Winnipeg",602,500.02,2737
"Winnipeg",602,500.03,3683
"Winnipeg",602,501.01,3684
"Winnipeg",602,501.02,3685
"Winnipeg",602,502.00,1987
"Winnipeg",602,503.00,1988
"Winnipeg",602,510.00,1989
"Winnipeg",602,520.00,1990
"Winnipeg",602,521.00,1991
"Winnipeg",602,522.01,3686
"Winnipeg",602,522.02,3687
"Winnipeg",602,530.00,1993
"Winnipeg",602,531.00,1994
"Winnipeg",602,532.00,1995
"Winnipeg",602,533.00,1996
"Winnipeg",602,534.00,1997
"Winnipeg",602,535.00,1998
"Winnipeg",602,536.00,1999
"Winnipeg",602,537.01,2738
"Winnipeg",602,537.02,2739
"Winnipeg",602,537.03,2740
"Winnipeg",602,538.00,2001
"Winnipeg",602,539.00,2002
"Winnipeg",602,540.01,2741
"Winnipeg",602,540.02,2742
"Winnipeg",602,540.03,2743
"Winnipeg",602,541.00,2004
"Winnipeg",602,542.00,2005
"Winnipeg",602,550.00,2006
"Winnipeg",602,551.00,2007
"Winnipeg",602,552.00,2008
"Winnipeg",602,553.00,2009
"Winnipeg",602,560.01,3688
"Winnipeg",602,560.02,3689
"Winnipeg",602,560.03,3690
"Winnipeg",602,570.00,2011
"Winnipeg",602,580.00,2723
"Winnipeg",602,590.00,2799
"Winnipeg",602,600.00,2800
"Regina",705,000000,0000
"Regina",705,001.01,2744
"Regina",705,001.02,2745
"Regina",705,002.01,3691
"Regina",705,002.02,3692
"Regina",705,003.00,2014
"Regina",705,004.00,2015
"Regina",705,005.00,2016
"Regina",705,006.00,2017
"Regina",705,007.00,2018
"Regina",705,008.01,3693
"Regina",705,008.02,3694
"Regina",705,009.01,3695
"Regina",705,009.02,3696
"Regina",705,010.00,2021
"Regina",705,011.00,2022
"Regina",705,012.00,2023
"Regina",705,013.00,2024
"Regina",705,014.00,2025
"Regina",705,015.00,2026
"Regina",705,016.00,2027
"Regina",705,017.00,2028
"Regina",705,018.00,2029
"Regina",705,019.00,2030
"Regina",705,020.00,2031
"Regina",705,021.00,2032
"Regina",705,022.00,2033
"Regina",705,023.01,3697
"Regina",705,023.02,3698
"Regina",705,024.00,2035
"Regina",705,025.01,2746
"Regina",705,025.02,2747
"Regina",705,026.00,2037
"Regina",705,027.00,2038
"Regina",705,028.01,3699
"Regina",705,028.02,3700
"Regina",705,100.00,2040
"Saskatoon",725,000000,0000
"Saskatoon",725,001.00,2041
"Saskatoon",725,002.01,2794
"Saskatoon",725,002.02,2795
"Saskatoon",725,003.00,2043
"Saskatoon",725,004.00,2044
"Saskatoon",725,005.00,2045
"Saskatoon",725,006.01,3701
"Saskatoon",725,006.02,3702
"Saskatoon",725,006.03,3703
"Saskatoon",725,007.00,2047
"Saskatoon",725,008.00,2048
"Saskatoon",725,009.00,2049
"Saskatoon",725,010.00,2050
"Saskatoon",725,011.01,2796
"Saskatoon",725,011.02,2797
"Saskatoon",725,011.03,2798
"Saskatoon",725,012.01,3704
"Saskatoon",725,012.02,3705
"Saskatoon",725,012.03,3706
"Saskatoon",725,013.00,2053
"Saskatoon",725,014.00,2054
"Saskatoon",725,015.00,2055
"Saskatoon",725,016.00,2056
"Saskatoon",725,017.00,2057
"Saskatoon",725,018.01,3707
"Saskatoon",725,018.02,3708
"Saskatoon",725,018.03,3709
"Saskatoon",725,018.04,3710
"Saskatoon",725,019.00,2059
"Saskatoon",725,020.00,2060
"Saskatoon",725,021.01,3711
"Saskatoon",725,021.02,3712
"Saskatoon",725,021.03,3713
"Saskatoon",725,022.00,2062
"Calgary",825,000000,0000
"Calgary",825,001.01,2748
"Calgary",825,001.02,2749
"Calgary",825,001.03,2750
"Calgary",825,001.04,3714
"Calgary",825,001.05,3715
"Calgary",825,001.06,3716
"Calgary",825,001.07,3717
"Calgary",825,001.08,3718
"Calgary",825,001.09,3719
"Calgary",825,002.00,2064
"Calgary",825,003.00,2065
"Calgary",825,004.00,2066
"Calgary",825,005.00,2067
"Calgary",825,006.00,2068
"Calgary",825,007.01,3720
"Calgary",825,007.02,3721
"Calgary",825,007.03,3722
"Calgary",825,007.04,3723
"Calgary",825,008.00,2070
"Calgary",825,009.00,2071
"Calgary",825,010.00,2072
"Calgary",825,011.00,2073
"Calgary",825,012.00,2074
"Calgary",825,013.00,2075
"Calgary",825,014.00,2076
"Calgary",825,015.00,2077
"Calgary",825,016.00,2078
"Calgary",825,017.00,2079
"Calgary",825,018.00,2080
"Calgary",825,019.00,2081
"Calgary",825,020.00,2082
"Calgary",825,021.00,2083
"Calgary",825,022.00,2084
"Calgary",825,023.00,2085
"Calgary",825,024.00,2086
"Calgary",825,025.00,2087
"Calgary",825,026.00,2088
"Calgary",825,027.00,2089
"Calgary",825,028.00,2090
"Calgary",825,029.00,2091
"Calgary",825,030.00,2092
"Calgary",825,031.00,2093
"Calgary",825,032.00,2094
"Calgary",825,033.00,2095
"Calgary",825,034.00,2096
"Calgary",825,035.01,3724
"Calgary",825,035.02,3725
"Calgary",825,036.01,3726
"Calgary",825,036.02,3727
"Calgary",825,037.00,2099
"Calgary",825,038.01,2751
"Calgary",825,038.02,2752
"Calgary",825,038.03,2753
"Calgary",825,038.04,2754
"Calgary",825,038.05,3728
"Calgary",825,038.06,3729
"Calgary",825,038.07,3730
"Calgary",825,038.08,3731
"Calgary",825,038.09,3732
"Calgary",825,038.10,3733
"Calgary",825,038.11,3734
"Calgary",825,038.12,3735
"Calgary",825,038.13,3736
"Calgary",825,038.14,3737
"Calgary",825,039.00,2101
"Calgary",825,040.00,2102
"Calgary",825,041.00,2103
"Calgary",825,042.00,2104
"Calgary",825,043.00,2105
"Calgary",825,044.00,2106
"Calgary",825,045.00,2107
"Calgary",825,046.00,2108
"Calgary",825,047.00,2109
"Calgary",825,048.00,2110
"Calgary",825,049.00,2111
"Calgary",825,050.00,2112
"Calgary",825,051.00,2113
"Calgary",825,052.01,3738
"Calgary",825,052.02,3739
"Calgary",825,052.03,3740
"Calgary",825,052.04,3741
"Calgary",825,053.00,2115
"Calgary",825,054.00,2116
"Calgary",825,055.00,2117
"Calgary",825,056.00,2118
"Calgary",825,057.00,2119
"Calgary",825,058.00,2120
"Calgary",825,059.00,2121
"Calgary",825,060.00,2122
"Calgary",825,061.00,2123
"Calgary",825,062.00,2124
"Calgary",825,063.00,2125
"Calgary",825,064.00,2126
"Calgary",825,065.00,2127
"Calgary",825,066.01,3742
"Calgary",825,066.02,3743
"Calgary",825,067.00,2129
"Calgary",825,068.00,2130
"Calgary",825,069.00,2131
"Calgary",825,070.00,2132
"Calgary",825,071.00,2133
"Calgary",825,072.00,2134
"Calgary",825,073.00,2135
"Calgary",825,074.00,2136
"Calgary",825,075.01,3744
"Calgary",825,075.02,3745
"Calgary",825,076.01,2755
"Calgary",825,076.02,2756
"Calgary",825,076.03,2757
"Calgary",825,076.04,3746
"Calgary",825,076.05,3747
"Calgary",825,076.06,3748
"Calgary",825,077.01,3749
"Calgary",825,077.02,3750
"Calgary",825,077.03,3751
"Edmonton",835,000000,0000
"Edmonton",835,001.01,3752
"Edmonton",835,001.02,3753
"Edmonton",835,001.03,3754
"Edmonton",835,001.04,3755
"Edmonton",835,001.05,3756
"Edmonton",835,002.01,2758
"Edmonton",835,002.02,2759
"Edmonton",835,002.03,3757
"Edmonton",835,003.00,2142
"Edmonton",835,004.00,2143
"Edmonton",835,005.01,3758
"Edmonton",835,005.02,3759
"Edmonton",835,006.01,3760
"Edmonton",835,006.02,3761
"Edmonton",835,006.03,3762
"Edmonton",835,006.04,3763
"Edmonton",835,006.05,3764
"Edmonton",835,006.06,3765
"Edmonton",835,007.01,3766
"Edmonton",835,007.02,3767
"Edmonton",835,008.00,2147
"Edmonton",835,009.00,2148
"Edmonton",835,010.00,2149
"Edmonton",835,011.00,2150
"Edmonton",835,012.01,2761
"Edmonton",835,012.02,2762
"Edmonton",835,013.00,2152
"Edmonton",835,014.00,2153
"Edmonton",835,015.01,3768
"Edmonton",835,015.02,3769
"Edmonton",835,016.01,3770
"Edmonton",835,016.02,3771
"Edmonton",835,017.00,2156
"Edmonton",835,018.00,2157
"Edmonton",835,019.01,3772
"Edmonton",835,019.02,3773
"Edmonton",835,020.00,2159
"Edmonton",835,021.00,2160
"Edmonton",835,022.00,2161
"Edmonton",835,023.00,2162
"Edmonton",835,024.00,2163
"Edmonton",835,025.00,2164
"Edmonton",835,026.00,2165
"Edmonton",835,027.00,2166
"Edmonton",835,028.00,2167
"Edmonton",835,029.00,2168
"Edmonton",835,030.00,2169
"Edmonton",835,031.00,2170
"Edmonton",835,032.01,3774
"Edmonton",835,032.02,3775
"Edmonton",835,033.00,2172
"Edmonton",835,034.00,2173
"Edmonton",835,035.00,2174
"Edmonton",835,036.00,2175
"Edmonton",835,037.00,2176
"Edmonton",835,038.00,2177
"Edmonton",835,039.00,2178
"Edmonton",835,040.00,2179
"Edmonton",835,041.00,2180
"Edmonton",835,042.01,3776
"Edmonton",835,042.02,3777
"Edmonton",835,043.00,2182
"Edmonton",835,044.00,2183
"Edmonton",835,045.00,2184
"Edmonton",835,046.00,2185
"Edmonton",835,047.00,2186
"Edmonton",835,048.00,2187
"Edmonton",835,049.00,2188
"Edmonton",835,050.00,2189
"Edmonton",835,051.01,3778
"Edmonton",835,051.02,3779
"Edmonton",835,052.01,3780
"Edmonton",835,052.02,3781
"Edmonton",835,053.00,2192
"Edmonton",835,054.00,2193
"Edmonton",835,055.00,2194
"Edmonton",835,056.00,2195
"Edmonton",835,057.00,2196
"Edmonton",835,058.00,2197
"Edmonton",835,059.00,2198
"Edmonton",835,060.01,3782
"Edmonton",835,060.02,3783
"Edmonton",835,061.00,2200
"Edmonton",835,062.00,2201
"Edmonton",835,063.00,2202
"Edmonton",835,064.01,3784
"Edmonton",835,064.02,3785
"Edmonton",835,065.01,3786
"Edmonton",835,065.02,3787
"Edmonton",835,065.03,3788
"Edmonton",835,066.00,2205
"Edmonton",835,067.00,2206
"Edmonton",835,068.00,2207
"Edmonton",835,069.00,2208
"Edmonton",835,070.00,2209
"Edmonton",835,071.00,2210
"Edmonton",835,072.00,2211
"Edmonton",835,073.00,2212
"Edmonton",835,074.00,2213
"Edmonton",835,075.01,2763
"Edmonton",835,075.02,2764
"Edmonton",835,075.03,3789
"Edmonton",835,075.04,3790
"Edmonton",835,075.05,3791
"Edmonton",835,075.06,3792
"Edmonton",835,075.07,3793
"Edmonton",835,076.01,3794
"Edmonton",835,076.02,3795
"Edmonton",835,077.01,3796
"Edmonton",835,077.02,3797
"Edmonton",835,078.01,3798
"Edmonton",835,078.02,3799
"Edmonton",835,078.03,3800
"Edmonton",835,078.04,3801
"Edmonton",835,078.05,3802
"Edmonton",835,090.01,3803
"Edmonton",835,090.02,3804
"Edmonton",835,090.03,3805
"Edmonton",835,090.04,3806
"Edmonton",835,090.05,3807
"Edmonton",835,090.06,3808
"Edmonton",835,090.07,3809
"Edmonton",835,090.08,3810
"Edmonton",835,090.09,3811
"Edmonton",835,090.10,3812
"Edmonton",835,100.00,3011
"Edmonton",835,101.01,3813
"Edmonton",835,101.02,3814
"Edmonton",835,102.00,2766
"Edmonton",835,103.00,2767
"Edmonton",835,104.00,2768
"Edmonton",835,105.01,3815
"Edmonton",835,105.02,3816
"Edmonton",835,106.00,2770
"Edmonton",835,110.00,2771
"Edmonton",835,111.00,2772
"Edmonton",835,120.01,3817
"Edmonton",835,120.02,3818
"Edmonton",835,120.03,3819
"Edmonton",835,120.04,3820
"Edmonton",835,121.01,3821
"Edmonton",835,121.02,3822
"Edmonton",835,121.03,3823
"Edmonton",835,140.00,2775
"Edmonton",835,141.00,2776
"Edmonton",835,142.01,3824
"Edmonton",835,142.02,3825
"Kelowna",915,000000,0000
"Kelowna",915,001.00,3826
"Kelowna",915,002.00,3827
"Kelowna",915,003.00,3828
"Kelowna",915,004.00,3829
"Kelowna",915,005.00,3830
"Kelowna",915,006.00,3831
"Kelowna",915,007.00,3832
"Kelowna",915,008.00,3833
"Kelowna",915,009.00,3834
"Kelowna",915,010.00,3835
"Kelowna",915,011.00,3836
"Kelowna",915,012.00,3837
"Kelowna",915,013.00,3838
"Kelowna",915,014.00,3839
"Kelowna",915,015.00,3840
"Kelowna",915,016.00,3841
"Kelowna",915,017.00,3842
"Kelowna",915,018.00,3843
"Kelowna",915,019.00,3844
"Kelowna",915,100.00,3845
"Kelowna",915,101.00,3846
"Kelowna",915,102.00,3847
"Kelowna",915,103.00,3848
"Kelowna",915,104.00,3849
"Kamloops",925,000000,0000
"Kamloops",925,001.00,3850
"Kamloops",925,002.00,3851
"Kamloops",925,003.00,3852
"Kamloops",925,004.00,3853
"Kamloops",925,005.00,3854
"Kamloops",925,006.00,3855
"Kamloops",925,007.00,3856
"Kamloops",925,008.00,3857
"Kamloops",925,009.00,3858
"Kamloops",925,010.00,3859
"Kamloops",925,011.00,3860
"Kamloops",925,012.00,3861
"Kamloops",925,013.00,3862
"Kamloops",925,014.00,3863
"Kamloops",925,015.00,3864
"Kamloops",925,016.00,3865
"Kamloops",925,017.00,3866
"Kamloops",925,018.00,3867
"Kamloops",925,019.00,3868
"Kamloops",925,020.00,3869
"Kamloops",925,021.00,3870
"Kamloops",925,022.00,3871
"Vancouver",933,000000,0000
"Vancouver",933,001.00,2950
"Vancouver",933,002.00,2229
"Vancouver",933,003.00,2230
"Vancouver",933,004.00,2231
"Vancouver",933,005.00,2232
"Vancouver",933,006.00,2233
"Vancouver",933,007.00,2234
"Vancouver",933,008.00,2235
"Vancouver",933,009.00,2236
"Vancouver",933,010.00,2237
"Vancouver",933,011.00,2238
"Vancouver",933,012.00,2239
"Vancouver",933,013.01,2951
"Vancouver",933,013.02,2952
"Vancouver",933,014.00,2241
"Vancouver",933,015.01,2953
"Vancouver",933,015.02,2954
"Vancouver",933,016.01,3872
"Vancouver",933,016.02,3873
"Vancouver",933,017.00,2244
"Vancouver",933,018.01,2955
"Vancouver",933,018.02,2956
"Vancouver",933,019.00,2246
"Vancouver",933,020.00,2247
"Vancouver",933,021.00,2248
"Vancouver",933,022.00,2249
"Vancouver",933,023.00,2250
"Vancouver",933,024.00,2251
"Vancouver",933,025.00,2252
"Vancouver",933,026.00,2253
"Vancouver",933,027.00,2254
"Vancouver",933,028.00,2255
"Vancouver",933,029.00,2256
"Vancouver",933,030.00,2257
"Vancouver",933,031.00,2258
"Vancouver",933,032.00,2259
"Vancouver",933,033.00,2260
"Vancouver",933,034.00,2261
"Vancouver",933,035.00,2262
"Vancouver",933,036.01,2957
"Vancouver",933,036.02,2958
"Vancouver",933,037.00,2264
"Vancouver",933,038.00,2265
"Vancouver",933,039.00,2266
"Vancouver",933,040.00,2267
"Vancouver",933,041.00,2268
"Vancouver",933,042.00,2269
"Vancouver",933,043.00,2270
"Vancouver",933,044.00,2271
"Vancouver",933,045.00,2272
"Vancouver",933,046.00,2273
"Vancouver",933,047.00,2274
"Vancouver",933,048.00,2275
"Vancouver",933,049.01,3874
"Vancouver",933,049.02,3875
"Vancouver",933,050.01,3876
"Vancouver",933,050.02,3877
"Vancouver",933,051.00,2278
"Vancouver",933,052.01,3878
"Vancouver",933,052.02,3879
"Vancouver",933,053.00,2280
"Vancouver",933,054.00,2281
"Vancouver",933,055.00,2282
"Vancouver",933,056.00,2283
"Vancouver",933,057.00,2284
"Vancouver",933,058.00,2285
"Vancouver",933,059.01,3880
"Vancouver",933,059.02,3881
"Vancouver",933,060.00,2287
"Vancouver",933,061.00,2288
"Vancouver",933,062.00,2289
"Vancouver",933,063.00,2290
"Vancouver",933,064.00,2291
"Vancouver",933,065.00,2292
"Vancouver",933,066.00,2293
"Vancouver",933,067.00,2294
"Vancouver",933,068.00,2295
"Vancouver",933,069.00,2296
"Vancouver",933,100.01,3882
"Vancouver",933,100.02,3883
"Vancouver",933,101.01,3884
"Vancouver",933,101.02,3885
"Vancouver",933,102.00,2300
"Vancouver",933,103.00,2301
"Vancouver",933,104.00,2302
"Vancouver",933,110.00,2303
"Vancouver",933,111.01,3886
"Vancouver",933,111.02,3887
"Vancouver",933,111.03,3888
"Vancouver",933,112.00,2305
"Vancouver",933,113.00,2306
"Vancouver",933,114.00,2307
"Vancouver",933,115.00,2308
"Vancouver",933,116.00,2309
"Vancouver",933,117.00,2310
"Vancouver",933,118.00,2311
"Vancouver",933,119.00,2312
"Vancouver",933,120.00,2313
"Vancouver",933,121.00,2314
"Vancouver",933,122.00,2315
"Vancouver",933,130.01,3889
"Vancouver",933,130.02,3890
"Vancouver",933,131.00,2317
"Vancouver",933,132.00,2318
"Vancouver",933,133.00,2319
"Vancouver",933,134.00,2320
"Vancouver",933,135.00,2321
"Vancouver",933,140.00,2322
"Vancouver",933,141.00,2323
"Vancouver",933,142.01,3891
"Vancouver",933,142.02,3892
"Vancouver",933,143.01,3893
"Vancouver",933,143.02,3894
"Vancouver",933,143.03,3895
"Vancouver",933,144.01,2959
"Vancouver",933,144.02,2960
"Vancouver",933,145.00,2327
"Vancouver",933,146.00,2328
"Vancouver",933,147.00,2329
"Vancouver",933,148.00,2330
"Vancouver",933,149.01,3896
"Vancouver",933,149.02,3897
"Vancouver",933,150.00,2332
"Vancouver",933,151.00,2333
"Vancouver",933,160.01,2961
"Vancouver",933,160.02,2962
"Vancouver",933,160.03,3898
"Vancouver",933,160.04,3899
"Vancouver",933,161.01,3900
"Vancouver",933,161.02,3901
"Vancouver",933,161.03,3902
"Vancouver",933,161.04,3903
"Vancouver",933,162.01,3904
"Vancouver",933,162.02,3905
"Vancouver",933,162.03,3906
"Vancouver",933,163.01,2963
"Vancouver",933,163.02,2964
"Vancouver",933,163.03,2965
"Vancouver",933,170.01,2966
"Vancouver",933,170.02,2967
"Vancouver",933,180.00,2339
"Vancouver",933,181.01,2968
"Vancouver",933,181.02,2969
"Vancouver",933,182.00,2341
"Vancouver",933,183.01,3907
"Vancouver",933,183.02,3908
"Vancouver",933,184.01,3909
"Vancouver",933,184.02,3910
"Vancouver",933,185.01,2970
"Vancouver",933,185.02,2971
"Vancouver",933,185.03,3911
"Vancouver",933,186.01,2972
"Vancouver",933,186.02,2973
"Vancouver",933,186.03,2974
"Vancouver",933,186.04,3912
"Vancouver",933,187.00,2346
"Vancouver",933,188.00,2347
"Vancouver",933,189.01,3913
"Vancouver",933,189.02,3914
"Vancouver",933,189.03,3915
"Vancouver",933,190.01,2975
"Vancouver",933,190.02,2976
"Vancouver",933,191.01,2977
"Vancouver",933,191.02,2978
"Vancouver",933,192.00,2351
"Vancouver",933,200.00,2352
"Vancouver",933,201.00,2353
"Vancouver",933,202.00,2354
"Vancouver",933,203.00,2355
"Vancouver",933,204.00,2356
"Vancouver",933,205.00,2357
"Vancouver",933,206.00,2358
"Vancouver",933,207.00,2359
"Vancouver",933,208.00,2360
"Vancouver",933,209.00,2361
"Vancouver",933,210.00,2362
"Vancouver",933,220.00,2363
"Vancouver",933,221.01,2979
"Vancouver",933,221.02,2980
"Vancouver",933,222.00,2365
"Vancouver",933,223.00,2366
"Vancouver",933,224.00,2367
"Vancouver",933,225.00,2368
"Vancouver",933,226.01,3916
"Vancouver",933,226.02,3917
"Vancouver",933,227.00,2370
"Vancouver",933,228.01,3918
"Vancouver",933,228.02,3919
"Vancouver",933,229.00,2372
"Vancouver",933,230.01,3920
"Vancouver",933,230.02,3921
"Vancouver",933,231.00,2374
"Vancouver",933,232.00,2375
"Vancouver",933,233.00,2376
"Vancouver",933,234.00,2377
"Vancouver",933,235.01,3922
"Vancouver",933,235.02,3923
"Vancouver",933,236.00,2379
"Vancouver",933,237.00,2380
"Vancouver",933,238.01,3924
"Vancouver",933,238.02,3925
"Vancouver",933,239.00,2382
"Vancouver",933,240.00,2383
"Vancouver",933,241.00,2384
"Vancouver",933,242.00,2385
"Vancouver",933,243.00,2386
"Vancouver",933,250.00,2981
"Vancouver",933,260.01,2982
"Vancouver",933,260.02,2983
"Vancouver",933,270.00,2390
"Vancouver",933,280.00,2391
"Vancouver",933,281.01,3926
"Vancouver",933,281.02,3927
"Vancouver",933,282.00,2393
"Vancouver",933,283.00,2394
"Vancouver",933,284.01,2984
"Vancouver",933,284.02,2985
"Vancouver",933,285.01,3928
"Vancouver",933,285.02,3929
"Vancouver",933,286.01,2986
"Vancouver",933,286.02,2987
"Vancouver",933,286.03,3930
"Vancouver",933,287.01,3931
"Vancouver",933,287.02,3932
"Vancouver",933,290.01,3933
"Vancouver",933,290.02,3934
"Vancouver",933,291.01,3935
"Vancouver",933,291.02,3936
"Vancouver",933,292.00,2401
"Vancouver",933,400.00,2989
"Vancouver",933,401.00,2990
"Vancouver",933,402.01,3937
"Vancouver",933,402.02,3938
"Vancouver",933,403.01,3939
"Vancouver",933,403.02,3940
"Vancouver",933,404.00,2993
"Vancouver",933,410.00,2403
"Vancouver",933,500.00,2994
"Vancouver",933,501.00,2995
"Vancouver",933,502.01,3941
"Vancouver",933,502.02,3942
"Vancouver",933,503.01,3943
"Vancouver",933,503.02,3944
"Vancouver",933,504.00,2998
"Vancouver",933,505.00,2999
"Vancouver",933,506.00,3945
"Victoria",935,000000,0000
"Victoria",935,001.00,2408
"Victoria",935,002.00,2409
"Victoria",935,003.01,3946
"Victoria",935,003.02,3947
"Victoria",935,004.00,2411
"Victoria",935,005.00,2412
"Victoria",935,006.00,2413
"Victoria",935,007.00,2414
"Victoria",935,008.00,2415
"Victoria",935,009.00,2416
"Victoria",935,010.00,2417
"Victoria",935,011.00,2418
"Victoria",935,012.00,2419
"Victoria",935,013.00,2420
"Victoria",935,014.00,2421
"Victoria",935,100.00,2422
"Victoria",935,101.00,2423
"Victoria",935,102.00,2424
"Victoria",935,103.00,2425
"Victoria",935,104.00,2426
"Victoria",935,110.00,2427
"Victoria",935,111.01,3948
"Victoria",935,111.02,3949
"Victoria",935,120.00,2429
"Victoria",935,121.01,3950
"Victoria",935,121.02,3951
"Victoria",935,121.03,3952
"Victoria",935,122.00,2431
"Victoria",935,123.01,3953
"Victoria",935,123.02,3954
"Victoria",935,124.00,2433
"Victoria",935,125.00,2434
"Victoria",935,126.00,2435
"Victoria",935,127.00,2436
"Victoria",935,128.00,2437
"Victoria",935,129.01,3955
"Victoria",935,129.02,3956
"Victoria",935,130.00,2439
"Victoria",935,131.00,2440
"Victoria",935,132.00,2441
"Victoria",935,133.00,2442
"Victoria",935,150.00,2778
"Victoria",935,151.01,3957
"Victoria",935,151.02,3958
"Victoria",935,152.00,2780
"Victoria",935,153.00,2781
"Victoria",935,154.00,2782
"Victoria",935,155.00,2783
"Victoria",935,160.01,3959
"Victoria",935,160.02,3960
"Victoria",935,170.00,2445
"Victoria",935,171.00,2446
"Victoria",935,180.00,2785
"Prince George",970,000000,0000
"Prince George",970,001.00,3961
"Prince George",970,002.00,3962
"Prince George",970,003.00,3963
"Prince George",970,004.00,3964
"Prince George",970,005.00,3965
"Prince George",970,006.00,3966
"Prince George",970,007.00,3967
"Prince George",970,008.00,3968
"Prince George",970,009.00,3969
"Prince George",970,010.00,3970
"Prince George",970,011.00,3971
"Prince George",970,012.00,3972
"Prince George",970,013.00,3973
"Prince George",970,014.00,3974
"Prince George",970,015.00,3975
"Prince George",970,016.00,3976
"Prince George",970,017.00,3977
"Prince George",970,018.00,3978
"Prince George",970,019.00,3979
"Prince George",970,020.00,3980
"Prince George",970,021.00,3981
"Prince George",970,022.00,3982
"Prince George",970,023.00,3983

